transaction_id,customer_id,product_id,transaction_date,quantity,total_amount,payment_method
T00001,C0108,P0044,2025-01-01 00:00:00,1,607,E-Wallet
T00002,C0074,P0009,2025-01-01 01:00:00,1,657,E-Wallet
T00003,C0039,P0037,2025-01-01 02:00:00,1,997,Bank Transfer
T00004,C0159,P0010,2025-01-01 03:00:00,2,1664,Credit Card
T00005,C0071,P0036,2025-01-01 04:00:00,1,133,E-Wallet
T00006,C0298,P0028,2025-01-01 06:00:00,2,1642,Bank Transfer
T00007,C0036,P0028,2025-01-01 07:00:00,2,1642,E-Wallet
T00008,C0084,P0042,2025-01-01 08:00:00,2,1526,Bank Transfer
T00009,C0263,P0043,2025-01-01 09:00:00,2,1800,E-Wallet
T00010,C0172,P0021,2025-01-01 10:00:00,2,1376,Credit Card
T00011,C0173,P0024,2025-01-01 11:00:00,1,536,E-Wallet
T00012,C0047,P0042,2025-01-01 12:00:00,1,763,E-Wallet
T00013,C0141,P0040,2025-01-01 13:00:00,1,667,Credit Card
T00014,C0118,P0002,2025-01-01 14:00:00,2,394,Credit Card
T00015,C0277,P0008,2025-01-01 15:00:00,1,403,E-Wallet
T00016,C0214,P0048,2025-01-01 16:00:00,2,1966,Credit Card
T00017,C0026,P0022,2025-01-01 18:00:00,2,742,Credit Card
T00020,C0121,P0003,2025-01-01 22:00:00,1,938,Credit Card
T00021,C0170,P0013,2025-01-02 00:00:00,1,965,E-Wallet
T00022,C0152,P0010,2025-01-02 02:00:00,1,832,E-Wallet
T00023,C0208,P0036,2025-01-02 03:00:00,1,133,Bank Transfer
T00024,C0154,P0027,2025-01-02 05:00:00,1,194,E-Wallet
T00025,C0293,P0034,2025-01-02 06:00:00,2,1978,Credit Card
T00026,C0068,P0001,2025-01-02 07:00:00,1,446,Credit Card
T00027,C0050,P0032,2025-01-02 08:00:00,2,474,Credit Card
T00028,C0060,P0049,2025-01-02 12:00:00,2,1640,E-Wallet
T00029,C0167,P0003,2025-01-02 13:00:00,2,1876,Credit Card
T00030,C0202,P0020,2025-01-02 14:00:00,1,795,Credit Card
T00031,C0146,P0020,2025-01-02 15:00:00,2,1590,Bank Transfer
T00032,C0164,P0030,2025-01-02 16:00:00,2,660,Bank Transfer
T00033,C0242,P0035,2025-01-02 17:00:00,1,433,Bank Transfer
T00034,C0069,P0035,2025-01-02 18:00:00,2,866,E-Wallet
T00035,C0175,P0049,2025-01-02 19:00:00,2,1640,Credit Card
T00036,C0049,P0039,2025-01-02 20:00:00,2,1114,Credit Card
T00037,C0293,P0029,2025-01-03 03:00:00,1,212,Credit Card
T00038,C0143,P0020,2025-01-03 04:00:00,2,1590,Bank Transfer
T00039,C0160,P0027,2025-01-03 05:00:00,2,388,Credit Card
T00040,C0138,P0004,2025-01-03 07:00:00,1,447,Credit Card
T00041,C0078,P0001,2025-01-03 08:00:00,1,446,Credit Card
T00042,C0254,P0001,2025-01-03 10:00:00,2,892,Credit Card
T00043,C0258,P0026,2025-01-03 11:00:00,1,105,Credit Card
T00044,C0263,P0020,2025-01-03 13:00:00,1,795,E-Wallet
T00045,C0085,P0023,2025-01-03 14:00:00,1,377,Credit Card
T00046,C0146,P0010,2025-01-03 15:00:00,1,832,E-Wallet
T00047,C0042,P0011,2025-01-03 16:00:00,1,327,Credit Card
T00048,C0125,P0041,2025-01-03 17:00:00,1,322,E-Wallet
T00049,C0167,P0041,2025-01-03 18:00:00,1,322,Credit Card
T00050,C0241,P0005,2025-01-03 19:00:00,2,626,Credit Card
T00051,C0188,P0017,2025-01-03 21:00:00,1,27,Credit Card
T00052,C0019,P0022,2025-01-03 22:00:00,1,371,Credit Card
T00053,C0068,P0034,2025-01-03 23:00:00,1,989,Bank Transfer
T00054,C0218,P0045,2025-01-04 00:00:00,2,1718,Credit Card
T00055,C0102,P0041,2025-01-04 01:00:00,1,322,E-Wallet
T00056,C0288,P0004,2025-01-04 03:00:00,1,447,Bank Transfer
T00057,C0109,P0011,2025-01-04 05:00:00,2,654,Bank Transfer
T00058,C0036,P0021,2025-01-04 06:00:00,1,688,Credit Card
T00059,C0232,P0035,2025-01-04 07:00:00,2,866,E-Wallet
T00060,C0164,P0026,2025-01-04 09:00:00,2,210,E-Wallet
T00061,C0073,P0019,2025-01-04 10:00:00,1,148,Bank Transfer
T00062,C0136,P0045,2025-01-04 11:00:00,2,1718,E-Wallet
T00063,C0070,P0007,2025-01-04 12:00:00,1,170,Credit Card
T00064,C0196,P0047,2025-01-04 13:00:00,1,833,Credit Card
T00066,C0049,P0026,2025-01-04 15:00:00,2,210,Credit Card
T00067,C0005,P0005,2025-01-04 17:00:00,1,313,Credit Card
T00068,C0027,P0021,2025-01-04 18:00:00,1,688,Bank Transfer
T00069,C0160,P0014,2025-01-04 19:00:00,2,1530,Credit Card
T00070,C0149,P0004,2025-01-04 20:00:00,1,447,Credit Card
T00071,C0264,P0023,2025-01-04 21:00:00,1,377,Bank Transfer
T00072,C0230,P0042,2025-01-04 22:00:00,1,763,Bank Transfer
T00073,C0200,P0020,2025-01-04 23:00:00,2,1590,Bank Transfer
T00074,C0050,P0015,2025-01-05 00:00:00,1,911,E-Wallet
T00075,C0067,P0050,2025-01-05 01:00:00,1,20,E-Wallet
T00076,C0300,P0045,2025-01-05 02:00:00,1,859,Credit Card
T00077,C0058,P0029,2025-01-05 03:00:00,2,424,Credit Card
T00078,C0259,P0008,2025-01-05 04:00:00,2,806,Credit Card
T00079,C0130,P0041,2025-01-05 05:00:00,2,644,E-Wallet
T00080,C0172,P0019,2025-01-05 07:00:00,1,148,Credit Card
T00081,C0258,P0048,2025-01-05 08:00:00,2,1966,Credit Card
T00082,C0102,P0039,2025-01-05 09:00:00,1,557,E-Wallet
T00083,C0209,P0046,2025-01-05 10:00:00,2,728,Bank Transfer
T00084,C0291,P0028,2025-01-05 11:00:00,1,821,E-Wallet
T00085,C0286,P0046,2025-01-05 12:00:00,2,728,Credit Card
T00086,C0264,P0004,2025-01-05 14:00:00,1,447,E-Wallet
T00087,C0150,P0015,2025-01-05 15:00:00,1,911,Bank Transfer
T00088,C0300,P0035,2025-01-05 16:00:00,2,866,Bank Transfer
T00089,C0287,P0001,2025-01-05 18:00:00,1,446,Bank Transfer
T00090,C0208,P0003,2025-01-05 19:00:00,2,1876,Bank Transfer
T00091,C0106,P0047,2025-01-05 20:00:00,2,1666,Bank Transfer
T00092,C0055,P0040,2025-01-05 23:00:00,1,667,Bank Transfer
T00093,C0012,P0036,2025-01-06 00:00:00,1,133,Credit Card
T00095,C0144,P0024,2025-01-06 04:00:00,2,1072,E-Wallet
T00096,C0030,P0042,2025-01-06 05:00:00,2,1526,Credit Card
T00097,C0237,P0004,2025-01-06 06:00:00,1,447,Bank Transfer
T00098,C0279,P0003,2025-01-06 07:00:00,2,1876,Credit Card
T00099,C0104,P0049,2025-01-06 09:00:00,1,820,E-Wallet
T00100,C0118,P0023,2025-01-06 10:00:00,1,377,Bank Transfer
T00101,C0005,P0023,2025-01-06 11:00:00,2,754,Credit Card
T00102,C0248,P0045,2025-01-06 12:00:00,2,1718,Credit Card
T00103,C0084,P0006,2025-01-06 16:00:00,1,871,E-Wallet
T00104,C0288,P0010,2025-01-06 18:00:00,1,832,Bank Transfer
T00105,C0161,P0040,2025-01-06 19:00:00,1,667,E-Wallet
T00106,C0272,P0007,2025-01-06 20:00:00,1,170,Bank Transfer
T00107,C0038,P0039,2025-01-06 21:00:00,2,1114,Bank Transfer
T00108,C0226,P0038,2025-01-06 22:00:00,1,164,Credit Card
T00109,C0292,P0020,2025-01-07 00:00:00,2,1590,E-Wallet
T00110,C0151,P0003,2025-01-07 01:00:00,2,1876,E-Wallet
T00111,C0114,P0022,2025-01-07 02:00:00,2,742,E-Wallet
T00112,C0237,P0047,2025-01-07 03:00:00,1,833,Bank Transfer
T00113,C0066,P0004,2025-01-07 04:00:00,1,447,E-Wallet
T00114,C0180,P0038,2025-01-07 07:00:00,2,328,Bank Transfer
T00115,C0190,P0036,2025-01-07 08:00:00,2,266,E-Wallet
T00116,C0143,P0013,2025-01-07 12:00:00,2,1930,E-Wallet
T00117,C0101,P0023,2025-01-07 13:00:00,2,754,Credit Card
T00119,C0012,P0030,2025-01-07 15:00:00,2,660,Credit Card
T00120,C0239,P0037,2025-01-07 16:00:00,1,997,Credit Card
T00121,C0049,P0025,2025-01-07 17:00:00,1,514,Bank Transfer
T00122,C0042,P0048,2025-01-07 18:00:00,1,983,E-Wallet
T00123,C0082,P0014,2025-01-07 20:00:00,1,765,E-Wallet
T00124,C0291,P0048,2025-01-07 21:00:00,2,1966,E-Wallet
T00125,C0158,P0047,2025-01-07 22:00:00,1,833,Credit Card
T00126,C0158,P0039,2025-01-08 00:00:00,2,1114,E-Wallet
T00127,C0134,P0016,2025-01-08 01:00:00,1,394,Bank Transfer
T00128,C0067,P0022,2025-01-08 02:00:00,2,742,Bank Transfer
T00129,C0007,P0021,2025-01-08 03:00:00,2,1376,E-Wallet
T00130,C0014,P0021,2025-01-08 04:00:00,2,1376,Credit Card
T00131,C0073,P0008,2025-01-08 05:00:00,2,806,Bank Transfer
T00132,C0163,P0049,2025-01-08 06:00:00,2,1640,Bank Transfer
T00133,C0066,P0016,2025-01-08 07:00:00,1,394,Credit Card
T00134,C0276,P0010,2025-01-08 10:00:00,2,1664,Bank Transfer
T00135,C0256,P0032,2025-01-08 11:00:00,1,237,Credit Card
T00136,C0266,P0034,2025-01-08 12:00:00,2,1978,Bank Transfer
T00137,C0025,P0009,2025-01-08 13:00:00,1,657,Credit Card
T00138,C0281,P0017,2025-01-08 14:00:00,1,27,Bank Transfer
T00139,C0253,P0011,2025-01-08 15:00:00,1,327,E-Wallet
T00140,C0289,P0032,2025-01-08 16:00:00,2,474,Bank Transfer
T00141,C0164,P0010,2025-01-08 17:00:00,1,832,Bank Transfer
T00142,C0095,P0022,2025-01-08 18:00:00,2,742,E-Wallet
T00143,C0270,P0017,2025-01-08 19:00:00,2,54,E-Wallet
T00144,C0110,P0004,2025-01-08 20:00:00,1,447,E-Wallet
T00145,C0025,P0047,2025-01-08 22:00:00,1,833,E-Wallet
T00146,C0117,P0021,2025-01-09 00:00:00,2,1376,Credit Card
T00147,C0025,P0037,2025-01-09 01:00:00,2,1994,Credit Card
T00149,C0068,P0049,2025-01-09 03:00:00,2,1640,Bank Transfer
T00150,C0173,P0001,2025-01-09 04:00:00,2,892,Bank Transfer
T00151,C0012,P0025,2025-01-09 05:00:00,2,1028,Credit Card
T00152,C0288,P0036,2025-01-09 06:00:00,1,133,Bank Transfer
T00153,C0128,P0017,2025-01-09 07:00:00,2,54,Bank Transfer
T00154,C0092,P0024,2025-01-09 09:00:00,2,1072,Credit Card
T00155,C0141,P0002,2025-01-09 10:00:00,1,197,Bank Transfer
T00156,C0020,P0015,2025-01-09 12:00:00,1,911,Credit Card
T00157,C0146,P0032,2025-01-09 13:00:00,1,237,Credit Card
T00158,C0160,P0039,2025-01-09 14:00:00,2,1114,E-Wallet
T00159,C0043,P0006,2025-01-09 15:00:00,1,871,E-Wallet
T00160,C0254,P0001,2025-01-09 16:00:00,1,446,Credit Card
T00161,C0130,P0047,2025-01-09 17:00:00,2,1666,Credit Card
T00162,C0060,P0023,2025-01-09 18:00:00,2,754,E-Wallet
T00163,C0151,P0039,2025-01-09 19:00:00,2,1114,Bank Transfer
T00164,C0287,P0017,2025-01-09 20:00:00,2,54,Bank Transfer
T00165,C0005,P0034,2025-01-09 21:00:00,1,989,Bank Transfer
T00166,C0266,P0041,2025-01-09 22:00:00,2,644,Credit Card
T00167,C0178,P0013,2025-01-10 01:00:00,1,965,E-Wallet
T00168,C0056,P0006,2025-01-10 03:00:00,2,1742,Bank Transfer
T00169,C0099,P0003,2025-01-10 05:00:00,1,938,E-Wallet
T00170,C0190,P0012,2025-01-10 08:00:00,2,710,E-Wallet
T00171,C0263,P0048,2025-01-10 09:00:00,2,1966,Credit Card
T00173,C0097,P0001,2025-01-10 12:00:00,1,446,E-Wallet
T00174,C0260,P0017,2025-01-10 13:00:00,1,27,Credit Card
T00175,C0260,P0003,2025-01-10 14:00:00,1,938,Credit Card
T00177,C0273,P0036,2025-01-10 17:00:00,1,133,Bank Transfer
T00178,C0101,P0032,2025-01-10 18:00:00,2,474,Bank Transfer
T00179,C0221,P0032,2025-01-10 19:00:00,2,474,Credit Card
T00180,C0231,P0018,2025-01-10 21:00:00,2,720,Bank Transfer
T00181,C0116,P0043,2025-01-11 00:00:00,1,900,Bank Transfer
T00182,C0191,P0035,2025-01-11 01:00:00,2,866,E-Wallet
T00183,C0007,P0033,2025-01-11 04:00:00,1,446,Credit Card
T00184,C0155,P0014,2025-01-11 05:00:00,2,1530,Credit Card
T00185,C0092,P0034,2025-01-11 06:00:00,2,1978,Bank Transfer
T00186,C0014,P0004,2025-01-11 07:00:00,2,894,Credit Card
T00187,C0229,P0024,2025-01-11 08:00:00,1,536,Credit Card
T00188,C0133,P0019,2025-01-11 10:00:00,1,148,Credit Card
T00189,C0183,P0006,2025-01-11 11:00:00,2,1742,Bank Transfer
T00190,C0062,P0033,2025-01-11 12:00:00,1,446,Bank Transfer
T00192,C0138,P0027,2025-01-11 18:00:00,2,388,E-Wallet
T00193,C0065,P0016,2025-01-11 19:00:00,2,788,Credit Card
T00194,C0013,P0006,2025-01-11 20:00:00,1,871,E-Wallet
T00195,C0213,P0040,2025-01-11 21:00:00,2,1334,Bank Transfer
T00196,C0242,P0013,2025-01-11 22:00:00,2,1930,E-Wallet
T00197,C0173,P0019,2025-01-12 01:00:00,1,148,Credit Card
T00198,C0160,P0012,2025-01-12 02:00:00,1,355,Credit Card
T00199,C0164,P0016,2025-01-12 03:00:00,2,788,Bank Transfer
T00200,C0188,P0043,2025-01-12 04:00:00,1,900,Bank Transfer
T00201,C0191,P0010,2025-01-12 05:00:00,1,832,E-Wallet
T00203,C0034,P0023,2025-01-12 11:00:00,2,754,E-Wallet
T00204,C0052,P0002,2025-01-12 12:00:00,2,394,Credit Card
T00205,C0112,P0022,2025-01-12 13:00:00,2,742,Credit Card
T00206,C0252,P0037,2025-01-12 14:00:00,1,997,Credit Card
T00207,C0232,P0007,2025-01-12 16:00:00,1,170,Credit Card
T00208,C0227,P0014,2025-01-12 17:00:00,2,1530,Credit Card
T00209,C0233,P0003,2025-01-12 18:00:00,2,1876,E-Wallet
T00210,C0221,P0050,2025-01-12 19:00:00,2,40,Credit Card
T00211,C0042,P0016,2025-01-12 20:00:00,2,788,E-Wallet
T00212,C0042,P0018,2025-01-12 22:00:00,1,360,Credit Card
T00213,C0113,P0016,2025-01-12 23:00:00,1,394,E-Wallet
T00214,C0105,P0008,2025-01-13 00:00:00,2,806,E-Wallet
T00215,C0017,P0049,2025-01-13 02:00:00,2,1640,E-Wallet
T00216,C0120,P0012,2025-01-13 03:00:00,1,355,Bank Transfer
T00217,C0129,P0011,2025-01-13 04:00:00,1,327,E-Wallet
T00218,C0130,P0005,2025-01-13 05:00:00,1,313,E-Wallet
T00219,C0060,P0027,2025-01-13 06:00:00,1,194,Credit Card
T00220,C0029,P0017,2025-01-13 08:00:00,2,54,E-Wallet
T00221,C0097,P0006,2025-01-13 09:00:00,1,871,E-Wallet
T00222,C0242,P0005,2025-01-13 11:00:00,1,313,Bank Transfer
T00223,C0232,P0028,2025-01-13 12:00:00,1,821,Credit Card
T00224,C0277,P0014,2025-01-13 13:00:00,2,1530,Bank Transfer
T00225,C0284,P0005,2025-01-13 14:00:00,2,626,Bank Transfer
T00227,C0290,P0048,2025-01-13 17:00:00,1,983,E-Wallet
T00228,C0264,P0041,2025-01-13 18:00:00,2,644,Bank Transfer
T00229,C0214,P0019,2025-01-13 19:00:00,2,296,Bank Transfer
T00230,C0200,P0022,2025-01-13 20:00:00,1,371,Credit Card
T00232,C0069,P0030,2025-01-13 23:00:00,1,330,Credit Card
T00233,C0087,P0047,2025-01-14 00:00:00,2,1666,Credit Card
T00234,C0008,P0004,2025-01-14 02:00:00,1,447,Bank Transfer
T00235,C0200,P0033,2025-01-14 03:00:00,1,446,Credit Card
T00236,C0043,P0020,2025-01-14 05:00:00,2,1590,E-Wallet
T00237,C0152,P0015,2025-01-14 07:00:00,1,911,Bank Transfer
T00238,C0017,P0023,2025-01-14 08:00:00,2,754,Credit Card
T00239,C0133,P0014,2025-01-14 09:00:00,2,1530,Bank Transfer
T00240,C0148,P0023,2025-01-14 10:00:00,2,754,Credit Card
T00241,C0277,P0019,2025-01-14 11:00:00,1,148,Bank Transfer
T00242,C0232,P0029,2025-01-14 12:00:00,1,212,Credit Card
T00243,C0139,P0029,2025-01-14 14:00:00,1,212,E-Wallet
T00244,C0211,P0024,2025-01-14 15:00:00,2,1072,Credit Card
T00245,C0028,P0018,2025-01-14 16:00:00,1,360,Bank Transfer
T00247,C0261,P0008,2025-01-14 19:00:00,1,403,E-Wallet
T00248,C0008,P0026,2025-01-14 20:00:00,1,105,Bank Transfer
T00249,C0038,P0010,2025-01-14 22:00:00,2,1664,E-Wallet
T00250,C0111,P0017,2025-01-14 23:00:00,1,27,Bank Transfer
T00251,C0220,P0002,2025-01-15 00:00:00,2,394,Bank Transfer
T00252,C0136,P0005,2025-01-15 02:00:00,2,626,E-Wallet
T00253,C0256,P0028,2025-01-15 03:00:00,2,1642,Bank Transfer
T00254,C0292,P0005,2025-01-15 05:00:00,2,626,Bank Transfer
T00255,C0078,P0018,2025-01-15 06:00:00,1,360,E-Wallet
T00256,C0105,P0026,2025-01-15 07:00:00,1,105,Credit Card
T00257,C0169,P0020,2025-01-15 08:00:00,1,795,E-Wallet
T00258,C0217,P0041,2025-01-15 09:00:00,2,644,Bank Transfer
T00259,C0119,P0049,2025-01-15 10:00:00,1,820,Credit Card
T00260,C0255,P0049,2025-01-15 12:00:00,2,1640,Credit Card
T00261,C0266,P0012,2025-01-15 13:00:00,1,355,Credit Card
T00262,C0149,P0007,2025-01-15 14:00:00,1,170,E-Wallet
T00263,C0140,P0010,2025-01-15 16:00:00,1,832,Credit Card
T00264,C0258,P0034,2025-01-15 17:00:00,2,1978,Credit Card
T00266,C0181,P0035,2025-01-15 19:00:00,2,866,Bank Transfer
T00267,C0160,P0016,2025-01-15 20:00:00,2,788,E-Wallet
T00268,C0288,P0002,2025-01-15 21:00:00,2,394,E-Wallet
T00269,C0226,P0010,2025-01-15 23:00:00,1,832,Bank Transfer
T00270,C0011,P0038,2025-01-16 00:00:00,1,164,Credit Card
T00271,C0010,P0022,2025-01-16 01:00:00,2,742,Bank Transfer
T00273,C0273,P0043,2025-01-16 03:00:00,2,1800,Credit Card
T00274,C0183,P0039,2025-01-16 04:00:00,2,1114,Credit Card
T00275,C0124,P0029,2025-01-16 06:00:00,2,424,E-Wallet
T00276,C0114,P0047,2025-01-16 07:00:00,1,833,Credit Card
T00277,C0213,P0020,2025-01-16 09:00:00,1,795,Bank Transfer
T00278,C0288,P0041,2025-01-16 11:00:00,1,322,Bank Transfer
T00279,C0174,P0020,2025-01-16 12:00:00,2,1590,Credit Card
T00281,C0222,P0035,2025-01-16 16:00:00,1,433,Bank Transfer
T00282,C0119,P0047,2025-01-16 17:00:00,1,833,Credit Card
T00283,C0268,P0030,2025-01-16 19:00:00,2,660,E-Wallet
T00284,C0233,P0034,2025-01-16 20:00:00,2,1978,E-Wallet
T00285,C0149,P0003,2025-01-16 22:00:00,2,1876,Bank Transfer
T00286,C0149,P0006,2025-01-16 23:00:00,1,871,Bank Transfer
T00287,C0126,P0015,2025-01-17 00:00:00,2,1822,E-Wallet
T00288,C0238,P0027,2025-01-17 01:00:00,2,388,E-Wallet
T00290,C0151,P0009,2025-01-17 03:00:00,1,657,Credit Card
T00291,C0224,P0032,2025-01-17 05:00:00,2,474,Bank Transfer
T00292,C0203,P0048,2025-01-17 06:00:00,1,983,E-Wallet
T00293,C0256,P0006,2025-01-17 07:00:00,2,1742,Bank Transfer
T00294,C0086,P0041,2025-01-17 08:00:00,2,644,Bank Transfer
T00295,C0150,P0036,2025-01-17 09:00:00,1,133,Bank Transfer
T00296,C0022,P0029,2025-01-17 11:00:00,2,424,E-Wallet
T00297,C0285,P0004,2025-01-17 12:00:00,1,447,Credit Card
T00299,C0258,P0019,2025-01-17 14:00:00,1,148,Bank Transfer
T00300,C0029,P0026,2025-01-17 15:00:00,2,210,E-Wallet
T00301,C0213,P0025,2025-01-17 16:00:00,1,514,E-Wallet
T00302,C0050,P0015,2025-01-17 18:00:00,1,911,Bank Transfer
T00303,C0095,P0022,2025-01-17 19:00:00,2,742,Bank Transfer
T00304,C0088,P0048,2025-01-17 20:00:00,1,983,E-Wallet
T00305,C0278,P0022,2025-01-17 22:00:00,2,742,E-Wallet
T00306,C0189,P0034,2025-01-18 00:00:00,1,989,E-Wallet
T00307,C0184,P0030,2025-01-18 01:00:00,2,660,E-Wallet
T00308,C0003,P0025,2025-01-18 02:00:00,2,1028,Credit Card
T00309,C0191,P0045,2025-01-18 03:00:00,2,1718,E-Wallet
T00310,C0118,P0028,2025-01-18 04:00:00,2,1642,Credit Card
T00311,C0030,P0045,2025-01-18 07:00:00,1,859,Bank Transfer
T00312,C0108,P0007,2025-01-18 09:00:00,2,340,Credit Card
T00313,C0281,P0049,2025-01-18 10:00:00,2,1640,Bank Transfer
T00314,C0229,P0036,2025-01-18 12:00:00,2,266,Credit Card
T00315,C0136,P0001,2025-01-18 14:00:00,2,892,Bank Transfer
T00316,C0144,P0036,2025-01-18 16:00:00,2,266,E-Wallet
T00317,C0261,P0046,2025-01-18 19:00:00,1,364,Credit Card
T00318,C0003,P0042,2025-01-18 20:00:00,2,1526,Credit Card
T00319,C0104,P0032,2025-01-18 21:00:00,1,237,Bank Transfer
T00320,C0224,P0032,2025-01-18 22:00:00,1,237,Bank Transfer
T00321,C0010,P0006,2025-01-18 23:00:00,2,1742,Credit Card
T00322,C0231,P0048,2025-01-19 00:00:00,2,1966,Bank Transfer
T00323,C0219,P0038,2025-01-19 01:00:00,1,164,E-Wallet
T00324,C0066,P0017,2025-01-19 02:00:00,1,27,Credit Card
T00325,C0112,P0010,2025-01-19 03:00:00,1,832,E-Wallet
T00326,C0013,P0050,2025-01-19 04:00:00,2,40,Credit Card
T00327,C0086,P0027,2025-01-19 05:00:00,1,194,E-Wallet
T00328,C0234,P0050,2025-01-19 06:00:00,1,20,Credit Card
T00329,C0090,P0035,2025-01-19 07:00:00,2,866,Bank Transfer
T00330,C0054,P0021,2025-01-19 08:00:00,1,688,Credit Card
T00331,C0012,P0025,2025-01-19 09:00:00,2,1028,E-Wallet
T00332,C0209,P0028,2025-01-19 10:00:00,1,821,Credit Card
T00333,C0075,P0029,2025-01-19 14:00:00,2,424,E-Wallet
T00334,C0223,P0027,2025-01-19 16:00:00,1,194,E-Wallet
T00335,C0211,P0019,2025-01-19 18:00:00,2,296,E-Wallet
T00336,C0101,P0028,2025-01-19 19:00:00,2,1642,Bank Transfer
T00337,C0186,P0017,2025-01-19 20:00:00,1,27,Credit Card
T00338,C0132,P0043,2025-01-19 21:00:00,2,1800,E-Wallet
T00339,C0111,P0041,2025-01-19 22:00:00,1,322,Bank Transfer
T00340,C0132,P0042,2025-01-19 23:00:00,2,1526,E-Wallet
T00341,C0020,P0050,2025-01-20 00:00:00,2,40,Credit Card
T00342,C0024,P0020,2025-01-20 01:00:00,2,1590,Bank Transfer
T00343,C0227,P0045,2025-01-20 02:00:00,2,1718,E-Wallet
T00344,C0154,P0040,2025-01-20 03:00:00,2,1334,E-Wallet
T00345,C0293,P0039,2025-01-20 04:00:00,2,1114,E-Wallet
T00346,C0230,P0049,2025-01-20 05:00:00,2,1640,Credit Card
T00347,C0202,P0023,2025-01-20 06:00:00,1,377,Bank Transfer
T00348,C0038,P0047,2025-01-20 07:00:00,1,833,Bank Transfer
T00349,C0188,P0047,2025-01-20 09:00:00,2,1666,Bank Transfer
T00350,C0057,P0033,2025-01-20 10:00:00,2,892,E-Wallet
T00351,C0020,P0046,2025-01-20 11:00:00,2,728,Bank Transfer
T00352,C0273,P0005,2025-01-20 12:00:00,1,313,E-Wallet
T00353,C0071,P0048,2025-01-20 14:00:00,2,1966,Credit Card
T00354,C0004,P0034,2025-01-20 15:00:00,1,989,Bank Transfer
T00355,C0221,P0040,2025-01-20 16:00:00,2,1334,E-Wallet
T00356,C0014,P0011,2025-01-20 17:00:00,2,654,Bank Transfer
T00357,C0003,P0050,2025-01-20 18:00:00,2,40,Bank Transfer
T00358,C0216,P0003,2025-01-20 19:00:00,2,1876,Credit Card
T00359,C0229,P0033,2025-01-20 20:00:00,2,892,Bank Transfer
T00360,C0186,P0011,2025-01-20 21:00:00,1,327,Credit Card
T00361,C0055,P0016,2025-01-20 22:00:00,2,788,Bank Transfer
T00362,C0254,P0018,2025-01-20 23:00:00,1,360,Bank Transfer
T00363,C0024,P0030,2025-01-21 00:00:00,1,330,Bank Transfer
T00364,C0158,P0010,2025-01-21 02:00:00,2,1664,Bank Transfer
T00365,C0082,P0018,2025-01-21 03:00:00,2,720,Bank Transfer
T00366,C0188,P0019,2025-01-21 05:00:00,2,296,Bank Transfer
T00367,C0060,P0036,2025-01-21 06:00:00,1,133,Credit Card
T00368,C0152,P0046,2025-01-21 08:00:00,1,364,Credit Card
T00369,C0109,P0003,2025-01-21 09:00:00,1,938,E-Wallet
T00370,C0076,P0010,2025-01-21 10:00:00,2,1664,Bank Transfer
T00371,C0117,P0001,2025-01-21 12:00:00,1,446,Credit Card
T00372,C0192,P0027,2025-01-21 13:00:00,1,194,Bank Transfer
T00373,C0173,P0008,2025-01-21 15:00:00,1,403,Bank Transfer
T00374,C0183,P0042,2025-01-21 17:00:00,2,1526,Credit Card
T00375,C0113,P0017,2025-01-21 18:00:00,1,27,Bank Transfer
T00376,C0183,P0009,2025-01-21 19:00:00,1,657,Credit Card
T00377,C0146,P0006,2025-01-21 20:00:00,2,1742,Credit Card
T00378,C0113,P0025,2025-01-21 22:00:00,2,1028,E-Wallet
T00379,C0251,P0049,2025-01-22 00:00:00,2,1640,E-Wallet
T00380,C0118,P0028,2025-01-22 01:00:00,1,821,E-Wallet
T00381,C0161,P0033,2025-01-22 02:00:00,1,446,E-Wallet
T00382,C0198,P0037,2025-01-22 03:00:00,1,997,Bank Transfer
T00383,C0198,P0043,2025-01-22 08:00:00,2,1800,Bank Transfer
T00384,C0078,P0040,2025-01-22 10:00:00,1,667,E-Wallet
T00385,C0124,P0036,2025-01-22 11:00:00,2,266,Credit Card
T00386,C0075,P0050,2025-01-22 12:00:00,2,40,Credit Card
T00387,C0090,P0037,2025-01-22 14:00:00,1,997,Credit Card
T00388,C0061,P0015,2025-01-22 15:00:00,1,911,Credit Card
T00389,C0050,P0018,2025-01-22 17:00:00,1,360,Bank Transfer
T00390,C0259,P0034,2025-01-22 18:00:00,2,1978,Credit Card
T00391,C0107,P0022,2025-01-22 19:00:00,2,742,Credit Card
T00392,C0113,P0011,2025-01-22 20:00:00,1,327,E-Wallet
T00393,C0254,P0013,2025-01-22 21:00:00,2,1930,Credit Card
T00394,C0118,P0004,2025-01-22 22:00:00,1,447,Bank Transfer
T00395,C0198,P0022,2025-01-22 23:00:00,1,371,Credit Card
T00397,C0245,P0043,2025-01-23 01:00:00,2,1800,Bank Transfer
T00398,C0035,P0024,2025-01-23 02:00:00,2,1072,E-Wallet
T00399,C0049,P0028,2025-01-23 04:00:00,1,821,Bank Transfer
T00400,C0074,P0015,2025-01-23 05:00:00,1,911,E-Wallet
T00401,C0261,P0003,2025-01-23 07:00:00,2,1876,Credit Card
T00402,C0070,P0014,2025-01-23 08:00:00,1,765,E-Wallet
T00403,C0260,P0050,2025-01-23 10:00:00,2,40,E-Wallet
T00404,C0126,P0001,2025-01-23 11:00:00,1,446,E-Wallet
T00405,C0231,P0038,2025-01-23 12:00:00,2,328,Credit Card
T00406,C0295,P0038,2025-01-23 13:00:00,1,164,E-Wallet
T00407,C0129,P0021,2025-01-23 14:00:00,2,1376,E-Wallet
T00408,C0100,P0029,2025-01-23 16:00:00,1,212,Credit Card
T00410,C0182,P0049,2025-01-23 18:00:00,2,1640,Bank Transfer
T00411,C0174,P0010,2025-01-23 19:00:00,2,1664,Bank Transfer
T00412,C0188,P0028,2025-01-23 20:00:00,2,1642,Credit Card
T00413,C0057,P0021,2025-01-23 21:00:00,1,688,Credit Card
T00414,C0031,P0050,2025-01-23 22:00:00,2,40,Bank Transfer
T00415,C0084,P0007,2025-01-23 23:00:00,2,340,E-Wallet
T00416,C0152,P0003,2025-01-24 00:00:00,1,938,Bank Transfer
T00417,C0220,P0019,2025-01-24 04:00:00,2,296,Credit Card
T00418,C0163,P0035,2025-01-24 05:00:00,1,433,E-Wallet
T00419,C0220,P0004,2025-01-24 06:00:00,2,894,E-Wallet
T00420,C0270,P0005,2025-01-24 07:00:00,2,626,Credit Card
T00421,C0182,P0004,2025-01-24 09:00:00,2,894,E-Wallet
T00422,C0106,P0012,2025-01-24 10:00:00,2,710,Bank Transfer
T00423,C0217,P0027,2025-01-24 11:00:00,2,388,Credit Card
T00424,C0070,P0023,2025-01-24 13:00:00,2,754,Credit Card
T00425,C0044,P0025,2025-01-24 14:00:00,1,514,Credit Card
T00426,C0184,P0024,2025-01-24 16:00:00,1,536,Credit Card
T00427,C0107,P0025,2025-01-24 17:00:00,2,1028,E-Wallet
T00428,C0084,P0045,2025-01-24 18:00:00,2,1718,Credit Card
T00429,C0250,P0046,2025-01-24 19:00:00,1,364,Credit Card
T00430,C0196,P0032,2025-01-24 21:00:00,1,237,E-Wallet
T00431,C0178,P0005,2025-01-24 22:00:00,2,626,Credit Card
T00432,C0007,P0036,2025-01-24 23:00:00,2,266,E-Wallet
T00433,C0070,P0046,2025-01-25 00:00:00,2,728,E-Wallet
T00434,C0160,P0049,2025-01-25 02:00:00,2,1640,Credit Card
T00435,C0203,P0039,2025-01-25 04:00:00,2,1114,Bank Transfer
T00436,C0148,P0016,2025-01-25 05:00:00,2,788,Credit Card
T00437,C0143,P0033,2025-01-25 06:00:00,1,446,Bank Transfer
T00438,C0199,P0049,2025-01-25 07:00:00,2,1640,E-Wallet
T00439,C0142,P0009,2025-01-25 09:00:00,2,1314,Bank Transfer
T00440,C0021,P0045,2025-01-25 11:00:00,1,859,Credit Card
T00441,C0082,P0035,2025-01-25 12:00:00,1,433,Credit Card
T00442,C0131,P0022,2025-01-25 14:00:00,1,371,Bank Transfer
T00443,C0087,P0041,2025-01-25 15:00:00,1,322,Credit Card
T00444,C0161,P0042,2025-01-25 17:00:00,2,1526,Bank Transfer
T00445,C0178,P0023,2025-01-25 18:00:00,1,377,E-Wallet
T00446,C0117,P0017,2025-01-25 19:00:00,1,27,Bank Transfer
T00447,C0196,P0012,2025-01-25 20:00:00,2,710,Bank Transfer
T00448,C0086,P0023,2025-01-25 21:00:00,1,377,Bank Transfer
T00449,C0081,P0003,2025-01-25 23:00:00,1,938,Bank Transfer
T00450,C0061,P0022,2025-01-26 01:00:00,2,742,E-Wallet
T00451,C0061,P0009,2025-01-26 02:00:00,2,1314,E-Wallet
T00452,C0043,P0047,2025-01-26 04:00:00,2,1666,E-Wallet
T00453,C0169,P0037,2025-01-26 05:00:00,2,1994,Bank Transfer
T00454,C0086,P0023,2025-01-26 06:00:00,2,754,E-Wallet
T00455,C0017,P0032,2025-01-26 08:00:00,2,474,Credit Card
T00456,C0098,P0046,2025-01-26 09:00:00,2,728,E-Wallet
T00457,C0198,P0047,2025-01-26 10:00:00,1,833,Bank Transfer
T00458,C0065,P0023,2025-01-26 12:00:00,1,377,Credit Card
T00459,C0005,P0045,2025-01-26 13:00:00,2,1718,Bank Transfer
T00460,C0002,P0017,2025-01-26 14:00:00,1,27,Credit Card
T00461,C0022,P0040,2025-01-26 15:00:00,2,1334,Bank Transfer
T00462,C0112,P0021,2025-01-26 16:00:00,1,688,Bank Transfer
T00463,C0057,P0002,2025-01-26 17:00:00,2,394,Credit Card
T00464,C0066,P0037,2025-01-26 18:00:00,1,997,E-Wallet
T00465,C0098,P0006,2025-01-26 19:00:00,2,1742,Credit Card
T00466,C0144,P0044,2025-01-26 20:00:00,1,607,Credit Card
T00467,C0125,P0018,2025-01-26 21:00:00,2,720,Credit Card
T00468,C0167,P0030,2025-01-26 22:00:00,1,330,Credit Card
T00469,C0086,P0022,2025-01-26 23:00:00,1,371,Credit Card
T00470,C0294,P0030,2025-01-27 01:00:00,2,660,Bank Transfer
T00471,C0138,P0043,2025-01-27 03:00:00,1,900,Bank Transfer
T00472,C0099,P0032,2025-01-27 04:00:00,1,237,E-Wallet
T00473,C0192,P0042,2025-01-27 05:00:00,1,763,E-Wallet
T00474,C0243,P0014,2025-01-27 06:00:00,1,765,Credit Card
T00475,C0032,P0047,2025-01-27 08:00:00,1,833,E-Wallet
T00476,C0277,P0036,2025-01-27 09:00:00,2,266,E-Wallet
T00477,C0020,P0034,2025-01-27 10:00:00,2,1978,Credit Card
T00478,C0154,P0009,2025-01-27 11:00:00,1,657,Bank Transfer
T00479,C0068,P0042,2025-01-27 12:00:00,2,1526,Bank Transfer
T00480,C0214,P0028,2025-01-27 13:00:00,1,821,E-Wallet
T00481,C0143,P0011,2025-01-27 14:00:00,2,654,Bank Transfer
T00482,C0232,P0014,2025-01-27 15:00:00,1,765,Bank Transfer
T00483,C0213,P0039,2025-01-27 16:00:00,1,557,E-Wallet
T00485,C0116,P0015,2025-01-27 19:00:00,1,911,E-Wallet
T00486,C0270,P0024,2025-01-27 21:00:00,2,1072,E-Wallet
T00487,C0168,P0008,2025-01-27 22:00:00,2,806,E-Wallet
T00488,C0284,P0009,2025-01-28 00:00:00,2,1314,Credit Card
T00489,C0026,P0047,2025-01-28 01:00:00,1,833,Credit Card
T00490,C0066,P0033,2025-01-28 02:00:00,2,892,Credit Card
T00491,C0248,P0033,2025-01-28 03:00:00,2,892,Credit Card
T00492,C0254,P0019,2025-01-28 04:00:00,1,148,E-Wallet
T00493,C0044,P0003,2025-01-28 05:00:00,1,938,Bank Transfer
T00494,C0097,P0010,2025-01-28 06:00:00,1,832,E-Wallet
T00495,C0042,P0040,2025-01-28 07:00:00,2,1334,Credit Card
T00496,C0227,P0047,2025-01-28 08:00:00,2,1666,Bank Transfer
T00497,C0279,P0029,2025-01-28 11:00:00,1,212,E-Wallet
T00498,C0089,P0050,2025-01-28 12:00:00,2,40,Bank Transfer
T00499,C0178,P0034,2025-01-28 13:00:00,1,989,Credit Card
T00501,C0268,P0034,2025-01-28 16:00:00,1,989,Bank Transfer
T00502,C0074,P0029,2025-01-28 17:00:00,2,424,Credit Card
T00503,C0008,P0048,2025-01-28 18:00:00,2,1966,Bank Transfer
T00505,C0085,P0048,2025-01-28 21:00:00,1,983,Bank Transfer
T00506,C0072,P0049,2025-01-28 22:00:00,1,820,E-Wallet
T00507,C0055,P0029,2025-01-28 23:00:00,1,212,Bank Transfer
T00508,C0047,P0039,2025-01-29 00:00:00,2,1114,Bank Transfer
T00509,C0104,P0026,2025-01-29 02:00:00,1,105,Credit Card
T00510,C0210,P0017,2025-01-29 03:00:00,2,54,Credit Card
T00511,C0042,P0007,2025-01-29 04:00:00,1,170,E-Wallet
T00512,C0263,P0005,2025-01-29 06:00:00,1,313,Credit Card
T00513,C0259,P0026,2025-01-29 07:00:00,2,210,Credit Card
T00514,C0283,P0049,2025-01-29 08:00:00,2,1640,Credit Card
T00515,C0114,P0003,2025-01-29 09:00:00,1,938,Credit Card
T00517,C0220,P0049,2025-01-29 11:00:00,2,1640,E-Wallet
T00518,C0101,P0049,2025-01-29 14:00:00,2,1640,E-Wallet
T00520,C0107,P0043,2025-01-29 16:00:00,2,1800,Credit Card
T00521,C0101,P0025,2025-01-29 17:00:00,1,514,E-Wallet
T00522,C0260,P0003,2025-01-29 18:00:00,1,938,Bank Transfer
T00523,C0246,P0015,2025-01-29 19:00:00,1,911,E-Wallet
T00524,C0275,P0029,2025-01-29 20:00:00,2,424,Bank Transfer
T00525,C0032,P0043,2025-01-29 21:00:00,1,900,Credit Card
T00526,C0137,P0032,2025-01-29 22:00:00,1,237,Credit Card
T00527,C0012,P0026,2025-01-29 23:00:00,2,210,E-Wallet
T00528,C0016,P0016,2025-01-30 00:00:00,2,788,Credit Card
T00529,C0129,P0025,2025-01-30 01:00:00,2,1028,Bank Transfer
T00530,C0063,P0028,2025-01-30 02:00:00,1,821,Bank Transfer
T00531,C0109,P0009,2025-01-30 03:00:00,2,1314,E-Wallet
T00533,C0162,P0016,2025-01-30 07:00:00,1,394,E-Wallet
T00534,C0059,P0007,2025-01-30 11:00:00,1,170,E-Wallet
T00536,C0128,P0029,2025-01-30 13:00:00,1,212,Bank Transfer
T00537,C0283,P0019,2025-01-30 14:00:00,2,296,Bank Transfer
T00538,C0025,P0019,2025-01-30 15:00:00,1,148,Bank Transfer
T00539,C0131,P0002,2025-01-30 16:00:00,2,394,Bank Transfer
T00540,C0196,P0041,2025-01-30 17:00:00,1,322,Bank Transfer
T00541,C0281,P0045,2025-01-30 18:00:00,1,859,Bank Transfer
T00542,C0154,P0015,2025-01-30 19:00:00,2,1822,Credit Card
T00543,C0227,P0011,2025-01-30 21:00:00,2,654,E-Wallet
T00544,C0189,P0046,2025-01-30 22:00:00,2,728,E-Wallet
T00546,C0134,P0040,2025-01-31 00:00:00,1,667,E-Wallet
T00547,C0211,P0018,2025-01-31 01:00:00,2,720,Bank Transfer
T00548,C0060,P0048,2025-01-31 02:00:00,2,1966,Credit Card
T00549,C0213,P0002,2025-01-31 03:00:00,1,197,E-Wallet
T00550,C0216,P0032,2025-01-31 04:00:00,2,474,E-Wallet
T00551,C0226,P0008,2025-01-31 05:00:00,2,806,Credit Card
T00552,C0076,P0006,2025-01-31 07:00:00,1,871,Credit Card
T00553,C0286,P0012,2025-01-31 08:00:00,2,710,Credit Card
T00554,C0277,P0047,2025-01-31 09:00:00,1,833,E-Wallet
T00555,C0156,P0040,2025-01-31 10:00:00,1,667,E-Wallet
T00556,C0248,P0036,2025-01-31 11:00:00,1,133,Credit Card
T00557,C0218,P0015,2025-01-31 12:00:00,2,1822,Credit Card
T00558,C0190,P0028,2025-01-31 13:00:00,2,1642,Credit Card
T00559,C0163,P0049,2025-01-31 14:00:00,2,1640,Credit Card
T00560,C0180,P0045,2025-01-31 15:00:00,2,1718,Credit Card
T00561,C0034,P0018,2025-01-31 16:00:00,1,360,Bank Transfer
T00562,C0041,P0002,2025-01-31 17:00:00,1,197,Credit Card
T00563,C0075,P0013,2025-01-31 18:00:00,2,1930,Bank Transfer
T00565,C0273,P0029,2025-01-31 22:00:00,2,424,E-Wallet
T00567,C0289,P0019,2025-02-01 02:00:00,1,148,Credit Card
T00568,C0212,P0003,2025-02-01 03:00:00,2,1876,E-Wallet
T00569,C0272,P0014,2025-02-01 04:00:00,1,765,Credit Card
T00570,C0066,P0040,2025-02-01 05:00:00,2,1334,Credit Card
T00571,C0156,P0011,2025-02-01 07:00:00,2,654,Bank Transfer
T00572,C0047,P0031,2025-02-01 08:00:00,2,276,E-Wallet
T00573,C0124,P0027,2025-02-01 11:00:00,1,194,E-Wallet
T00576,C0128,P0002,2025-02-01 14:00:00,1,197,Credit Card
T00577,C0191,P0049,2025-02-01 15:00:00,2,1640,E-Wallet
T00578,C0067,P0009,2025-02-01 16:00:00,1,657,Bank Transfer
T00579,C0004,P0028,2025-02-01 17:00:00,1,821,Bank Transfer
T00580,C0294,P0031,2025-02-01 18:00:00,1,138,Credit Card
T00581,C0143,P0034,2025-02-01 19:00:00,2,1978,Credit Card
T00582,C0191,P0015,2025-02-01 20:00:00,1,911,Bank Transfer
T00583,C0021,P0048,2025-02-01 21:00:00,1,983,E-Wallet
T00584,C0227,P0025,2025-02-01 22:00:00,2,1028,Credit Card
T00585,C0117,P0036,2025-02-01 23:00:00,2,266,Bank Transfer
T00586,C0142,P0008,2025-02-02 00:00:00,1,403,Bank Transfer
T00587,C0039,P0009,2025-02-02 01:00:00,1,657,Bank Transfer
T00588,C0252,P0037,2025-02-02 02:00:00,1,997,E-Wallet
T00590,C0210,P0045,2025-02-02 04:00:00,2,1718,Credit Card
T00591,C0115,P0039,2025-02-02 05:00:00,2,1114,Credit Card
T00592,C0134,P0017,2025-02-02 07:00:00,1,27,E-Wallet
T00593,C0219,P0037,2025-02-02 09:00:00,2,1994,Credit Card
T00594,C0046,P0044,2025-02-02 11:00:00,1,607,Credit Card
T00595,C0038,P0029,2025-02-02 12:00:00,2,424,Credit Card
T00596,C0142,P0007,2025-02-02 13:00:00,2,340,Credit Card
T00597,C0100,P0028,2025-02-02 14:00:00,1,821,E-Wallet
T00598,C0035,P0028,2025-02-02 16:00:00,1,821,Bank Transfer
T00599,C0147,P0006,2025-02-02 17:00:00,1,871,Bank Transfer
T00600,C0030,P0029,2025-02-02 18:00:00,1,212,Credit Card
T00601,C0084,P0017,2025-02-02 19:00:00,2,54,Credit Card
T00602,C0281,P0016,2025-02-02 20:00:00,2,788,Credit Card
T00603,C0270,P0023,2025-02-02 21:00:00,1,377,E-Wallet
T00604,C0154,P0031,2025-02-02 22:00:00,2,276,Credit Card
T00605,C0102,P0003,2025-02-02 23:00:00,2,1876,E-Wallet
T00606,C0215,P0021,2025-02-03 00:00:00,1,688,Credit Card
T00607,C0150,P0026,2025-02-03 01:00:00,1,105,Credit Card
T00608,C0083,P0036,2025-02-03 02:00:00,2,266,Bank Transfer
T00609,C0110,P0042,2025-02-03 03:00:00,1,763,Credit Card
T00610,C0275,P0037,2025-02-03 04:00:00,1,997,E-Wallet
T00611,C0201,P0022,2025-02-03 05:00:00,2,742,Bank Transfer
T00612,C0284,P0042,2025-02-03 06:00:00,2,1526,E-Wallet
T00613,C0173,P0012,2025-02-03 07:00:00,1,355,Bank Transfer
T00614,C0206,P0042,2025-02-03 08:00:00,2,1526,E-Wallet
T00615,C0073,P0011,2025-02-03 10:00:00,1,327,Bank Transfer
T00616,C0251,P0016,2025-02-03 11:00:00,1,394,E-Wallet
T00617,C0124,P0008,2025-02-03 12:00:00,2,806,E-Wallet
T00618,C0121,P0040,2025-02-03 13:00:00,2,1334,Credit Card
T00619,C0275,P0040,2025-02-03 14:00:00,1,667,Bank Transfer
T00620,C0164,P0002,2025-02-03 16:00:00,1,197,Bank Transfer
T00621,C0286,P0030,2025-02-03 17:00:00,1,330,Credit Card
T00623,C0089,P0010,2025-02-03 20:00:00,1,832,E-Wallet
T00624,C0142,P0044,2025-02-03 21:00:00,2,1214,Bank Transfer
T00625,C0203,P0011,2025-02-03 22:00:00,1,327,E-Wallet
T00626,C0222,P0016,2025-02-04 00:00:00,2,788,Bank Transfer
T00627,C0041,P0017,2025-02-04 01:00:00,1,27,Bank Transfer
T00628,C0196,P0026,2025-02-04 02:00:00,2,210,E-Wallet
T00629,C0068,P0002,2025-02-04 03:00:00,1,197,E-Wallet
T00630,C0264,P0050,2025-02-04 04:00:00,1,20,E-Wallet
T00631,C0002,P0012,2025-02-04 05:00:00,1,355,Credit Card
T00632,C0125,P0026,2025-02-04 06:00:00,1,105,Bank Transfer
T00633,C0255,P0038,2025-02-04 11:00:00,2,328,E-Wallet
T00634,C0062,P0038,2025-02-04 14:00:00,2,328,Credit Card
T00635,C0158,P0003,2025-02-04 15:00:00,2,1876,E-Wallet
T00636,C0035,P0001,2025-02-04 17:00:00,2,892,Bank Transfer
T00637,C0267,P0030,2025-02-04 18:00:00,2,660,Credit Card
T00638,C0064,P0045,2025-02-04 19:00:00,1,859,Bank Transfer
T00639,C0050,P0032,2025-02-04 20:00:00,2,474,E-Wallet
T00640,C0149,P0021,2025-02-04 22:00:00,2,1376,E-Wallet
T00641,C0276,P0046,2025-02-04 23:00:00,2,728,E-Wallet
T00642,C0172,P0013,2025-02-05 00:00:00,2,1930,Credit Card
T00643,C0035,P0036,2025-02-05 02:00:00,1,133,Credit Card
T00644,C0216,P0007,2025-02-05 03:00:00,1,170,Credit Card
T00645,C0008,P0010,2025-02-05 05:00:00,1,832,Credit Card
T00646,C0076,P0039,2025-02-05 06:00:00,1,557,E-Wallet
T00647,C0047,P0015,2025-02-05 08:00:00,2,1822,E-Wallet
T00649,C0147,P0032,2025-02-05 10:00:00,1,237,Credit Card
T00650,C0026,P0023,2025-02-05 11:00:00,1,377,Credit Card
T00651,C0232,P0024,2025-02-05 13:00:00,2,1072,E-Wallet
T00652,C0021,P0020,2025-02-05 14:00:00,2,1590,E-Wallet
T00653,C0038,P0037,2025-02-05 15:00:00,1,997,Credit Card
T00654,C0157,P0012,2025-02-05 17:00:00,1,355,Bank Transfer
T00655,C0076,P0037,2025-02-05 22:00:00,1,997,E-Wallet
T00656,C0067,P0022,2025-02-05 23:00:00,1,371,E-Wallet
T00658,C0257,P0032,2025-02-06 02:00:00,2,474,Credit Card
T00659,C0072,P0035,2025-02-06 03:00:00,2,866,E-Wallet
T00660,C0087,P0015,2025-02-06 04:00:00,1,911,E-Wallet
T00661,C0262,P0005,2025-02-06 05:00:00,2,626,E-Wallet
T00662,C0214,P0046,2025-02-06 06:00:00,2,728,E-Wallet
T00663,C0153,P0050,2025-02-06 07:00:00,1,20,E-Wallet
T00664,C0210,P0048,2025-02-06 08:00:00,1,983,Bank Transfer
T00665,C0262,P0046,2025-02-06 11:00:00,1,364,Bank Transfer
T00666,C0218,P0040,2025-02-06 12:00:00,1,667,E-Wallet
T00667,C0283,P0029,2025-02-06 13:00:00,1,212,E-Wallet
T00668,C0093,P0040,2025-02-06 15:00:00,1,667,E-Wallet
T00669,C0109,P0013,2025-02-06 16:00:00,2,1930,E-Wallet
T00670,C0241,P0038,2025-02-06 17:00:00,2,328,Credit Card
T00671,C0142,P0018,2025-02-06 18:00:00,2,720,Credit Card
T00672,C0237,P0008,2025-02-06 20:00:00,2,806,Credit Card
T00673,C0141,P0033,2025-02-06 22:00:00,2,892,Bank Transfer
T00674,C0189,P0038,2025-02-06 23:00:00,2,328,E-Wallet
T00675,C0049,P0048,2025-02-07 00:00:00,1,983,Credit Card
T00676,C0190,P0027,2025-02-07 01:00:00,1,194,E-Wallet
T00677,C0136,P0020,2025-02-07 02:00:00,1,795,E-Wallet
T00678,C0043,P0012,2025-02-07 03:00:00,2,710,Bank Transfer
T00679,C0295,P0031,2025-02-07 05:00:00,2,276,Bank Transfer
T00680,C0245,P0027,2025-02-07 06:00:00,1,194,Credit Card
T00681,C0192,P0032,2025-02-07 07:00:00,1,237,Credit Card
T00682,C0106,P0010,2025-02-07 08:00:00,1,832,Bank Transfer
T00683,C0233,P0003,2025-02-07 09:00:00,1,938,Bank Transfer
T00685,C0037,P0027,2025-02-07 11:00:00,2,388,E-Wallet
T00686,C0041,P0035,2025-02-07 12:00:00,2,866,Credit Card
T00687,C0017,P0031,2025-02-07 13:00:00,2,276,Credit Card
T00688,C0059,P0016,2025-02-07 15:00:00,1,394,Bank Transfer
T00689,C0183,P0013,2025-02-07 16:00:00,2,1930,Credit Card
T00690,C0041,P0049,2025-02-07 17:00:00,1,820,E-Wallet
T00691,C0039,P0035,2025-02-07 18:00:00,2,866,Bank Transfer
T00692,C0192,P0011,2025-02-07 19:00:00,1,327,E-Wallet
T00693,C0267,P0021,2025-02-07 20:00:00,1,688,Bank Transfer
T00694,C0147,P0011,2025-02-07 21:00:00,2,654,Bank Transfer
T00695,C0127,P0030,2025-02-07 22:00:00,2,660,E-Wallet
T00696,C0046,P0048,2025-02-07 23:00:00,2,1966,Credit Card
T00697,C0045,P0035,2025-02-08 00:00:00,2,866,Credit Card
T00699,C0108,P0031,2025-02-08 03:00:00,1,138,Credit Card
T00700,C0019,P0014,2025-02-08 04:00:00,2,1530,E-Wallet
T00701,C0072,P0024,2025-02-08 05:00:00,2,1072,Bank Transfer
T00702,C0109,P0050,2025-02-08 06:00:00,1,20,E-Wallet
T00703,C0268,P0049,2025-02-08 07:00:00,2,1640,Credit Card
T00704,C0250,P0015,2025-02-08 11:00:00,1,911,Credit Card
T00705,C0153,P0035,2025-02-08 13:00:00,2,866,E-Wallet
T00706,C0174,P0003,2025-02-08 14:00:00,2,1876,Bank Transfer
T00707,C0158,P0016,2025-02-08 15:00:00,1,394,E-Wallet
T00708,C0215,P0005,2025-02-08 16:00:00,2,626,E-Wallet
T00709,C0177,P0021,2025-02-08 17:00:00,2,1376,E-Wallet
T00710,C0175,P0010,2025-02-08 18:00:00,2,1664,Bank Transfer
T00711,C0146,P0019,2025-02-08 19:00:00,2,296,E-Wallet
T00712,C0161,P0025,2025-02-08 20:00:00,1,514,E-Wallet
T00713,C0127,P0004,2025-02-08 21:00:00,1,447,Credit Card
T00714,C0082,P0029,2025-02-08 22:00:00,2,424,E-Wallet
T00715,C0147,P0019,2025-02-08 23:00:00,2,296,Credit Card
T00716,C0239,P0043,2025-02-09 00:00:00,1,900,Credit Card
T00717,C0113,P0010,2025-02-09 02:00:00,1,832,Credit Card
T00718,C0225,P0043,2025-02-09 03:00:00,2,1800,Bank Transfer
T00719,C0243,P0025,2025-02-09 04:00:00,1,514,Credit Card
T00720,C0143,P0020,2025-02-09 05:00:00,1,795,E-Wallet
T00721,C0041,P0048,2025-02-09 06:00:00,1,983,E-Wallet
T00722,C0258,P0019,2025-02-09 07:00:00,1,148,Credit Card
T00723,C0285,P0023,2025-02-09 08:00:00,2,754,Credit Card
T00724,C0105,P0024,2025-02-09 09:00:00,1,536,E-Wallet
T00725,C0266,P0046,2025-02-09 11:00:00,2,728,Credit Card
T00726,C0210,P0034,2025-02-09 12:00:00,2,1978,Bank Transfer
T00728,C0118,P0005,2025-02-09 14:00:00,2,626,Bank Transfer
T00729,C0028,P0012,2025-02-09 17:00:00,2,710,Bank Transfer
T00730,C0259,P0050,2025-02-09 18:00:00,1,20,Bank Transfer
T00731,C0117,P0042,2025-02-09 21:00:00,1,763,Credit Card
T00732,C0093,P0038,2025-02-09 23:00:00,1,164,Bank Transfer
T00733,C0166,P0025,2025-02-10 00:00:00,2,1028,Bank Transfer
T00735,C0258,P0011,2025-02-10 02:00:00,2,654,Bank Transfer
T00736,C0081,P0032,2025-02-10 03:00:00,2,474,Credit Card
T00737,C0268,P0011,2025-02-10 04:00:00,1,327,E-Wallet
T00738,C0213,P0027,2025-02-10 06:00:00,2,388,Bank Transfer
T00739,C0062,P0018,2025-02-10 07:00:00,1,360,Credit Card
T00740,C0049,P0023,2025-02-10 08:00:00,1,377,E-Wallet
T00741,C0223,P0021,2025-02-10 10:00:00,1,688,Bank Transfer
T00742,C0279,P0044,2025-02-10 11:00:00,1,607,Bank Transfer
T00743,C0294,P0005,2025-02-10 12:00:00,2,626,Credit Card
T00744,C0284,P0023,2025-02-10 13:00:00,1,377,E-Wallet
T00745,C0107,P0025,2025-02-10 15:00:00,2,1028,Credit Card
T00746,C0099,P0010,2025-02-10 17:00:00,1,832,Bank Transfer
T00747,C0073,P0022,2025-02-10 18:00:00,1,371,Bank Transfer
T00749,C0030,P0001,2025-02-10 20:00:00,2,892,Bank Transfer
T00750,C0188,P0007,2025-02-10 21:00:00,1,170,E-Wallet
T00751,C0288,P0004,2025-02-10 22:00:00,1,447,E-Wallet
T00752,C0195,P0001,2025-02-10 23:00:00,1,446,Credit Card
T00753,C0156,P0015,2025-02-11 00:00:00,1,911,Credit Card
T00754,C0172,P0040,2025-02-11 01:00:00,2,1334,Credit Card
T00755,C0041,P0012,2025-02-11 02:00:00,2,710,Bank Transfer
T00756,C0063,P0022,2025-02-11 03:00:00,1,371,Credit Card
T00757,C0023,P0022,2025-02-11 04:00:00,1,371,E-Wallet
T00758,C0075,P0050,2025-02-11 05:00:00,2,40,Credit Card
T00759,C0048,P0047,2025-02-11 06:00:00,2,1666,Credit Card
T00760,C0160,P0017,2025-02-11 07:00:00,2,54,E-Wallet
T00761,C0118,P0029,2025-02-11 08:00:00,1,212,E-Wallet
T00762,C0100,P0046,2025-02-11 09:00:00,2,728,Bank Transfer
T00763,C0167,P0014,2025-02-11 10:00:00,1,765,E-Wallet
T00764,C0290,P0050,2025-02-11 11:00:00,2,40,E-Wallet
T00765,C0156,P0020,2025-02-11 12:00:00,2,1590,Credit Card
T00766,C0007,P0050,2025-02-11 13:00:00,1,20,E-Wallet
T00767,C0196,P0048,2025-02-11 14:00:00,2,1966,Bank Transfer
T00768,C0056,P0033,2025-02-11 15:00:00,1,446,Credit Card
T00769,C0193,P0043,2025-02-11 16:00:00,2,1800,Bank Transfer
T00770,C0047,P0015,2025-02-11 17:00:00,1,911,E-Wallet
T00771,C0148,P0012,2025-02-11 18:00:00,2,710,Bank Transfer
T00772,C0275,P0040,2025-02-11 19:00:00,2,1334,Bank Transfer
T00773,C0202,P0030,2025-02-11 21:00:00,1,330,E-Wallet
T00774,C0126,P0038,2025-02-11 22:00:00,1,164,E-Wallet
T00775,C0294,P0003,2025-02-11 23:00:00,1,938,Credit Card
T00777,C0116,P0030,2025-02-12 02:00:00,2,660,Credit Card
T00778,C0204,P0013,2025-02-12 03:00:00,2,1930,E-Wallet
T00779,C0031,P0013,2025-02-12 04:00:00,2,1930,Bank Transfer
T00780,C0113,P0002,2025-02-12 05:00:00,2,394,Bank Transfer
T00781,C0067,P0037,2025-02-12 06:00:00,2,1994,Credit Card
T00782,C0075,P0049,2025-02-12 07:00:00,2,1640,Credit Card
T00783,C0045,P0038,2025-02-12 08:00:00,1,164,E-Wallet
T00784,C0260,P0002,2025-02-12 09:00:00,2,394,Bank Transfer
T00785,C0154,P0036,2025-02-12 10:00:00,2,266,Credit Card
T00786,C0155,P0026,2025-02-12 11:00:00,1,105,E-Wallet
T00788,C0262,P0044,2025-02-12 14:00:00,2,1214,E-Wallet
T00789,C0125,P0040,2025-02-12 15:00:00,2,1334,Bank Transfer
T00791,C0035,P0030,2025-02-12 23:00:00,1,330,Credit Card
T00792,C0087,P0017,2025-02-13 00:00:00,2,54,Credit Card
T00793,C0134,P0020,2025-02-13 01:00:00,1,795,Bank Transfer
T00794,C0196,P0016,2025-02-13 02:00:00,2,788,Bank Transfer
T00795,C0274,P0046,2025-02-13 03:00:00,2,728,Credit Card
T00796,C0201,P0043,2025-02-13 04:00:00,2,1800,Credit Card
T00797,C0285,P0007,2025-02-13 05:00:00,1,170,Credit Card
T00798,C0059,P0045,2025-02-13 07:00:00,2,1718,Bank Transfer
T00799,C0126,P0047,2025-02-13 08:00:00,2,1666,Credit Card
T00800,C0109,P0048,2025-02-13 09:00:00,2,1966,Bank Transfer
T00801,C0224,P0027,2025-02-13 10:00:00,2,388,Credit Card
T00802,C0278,P0023,2025-02-13 11:00:00,2,754,E-Wallet
T00803,C0069,P0009,2025-02-13 13:00:00,1,657,E-Wallet
T00804,C0165,P0035,2025-02-13 14:00:00,2,866,Credit Card
T00805,C0162,P0020,2025-02-13 15:00:00,1,795,E-Wallet
T00806,C0109,P0042,2025-02-13 17:00:00,2,1526,Bank Transfer
T00808,C0250,P0047,2025-02-13 19:00:00,2,1666,E-Wallet
T00809,C0139,P0015,2025-02-13 22:00:00,2,1822,Bank Transfer
T00810,C0125,P0046,2025-02-14 01:00:00,1,364,E-Wallet
T00811,C0111,P0020,2025-02-14 02:00:00,1,795,E-Wallet
T00812,C0099,P0049,2025-02-14 05:00:00,2,1640,Credit Card
T00813,C0252,P0017,2025-02-14 06:00:00,1,27,Bank Transfer
T00814,C0104,P0042,2025-02-14 07:00:00,1,763,Bank Transfer
T00815,C0214,P0030,2025-02-14 08:00:00,2,660,Credit Card
T00816,C0249,P0029,2025-02-14 09:00:00,2,424,Credit Card
T00817,C0152,P0019,2025-02-14 10:00:00,2,296,E-Wallet
T00818,C0250,P0046,2025-02-14 11:00:00,2,728,E-Wallet
T00819,C0275,P0011,2025-02-14 12:00:00,2,654,E-Wallet
T00820,C0008,P0050,2025-02-14 14:00:00,1,20,Credit Card
T00821,C0005,P0044,2025-02-14 16:00:00,2,1214,Bank Transfer
T00823,C0101,P0020,2025-02-14 18:00:00,2,1590,Credit Card
T00824,C0091,P0010,2025-02-14 22:00:00,2,1664,Bank Transfer
T00825,C0117,P0032,2025-02-14 23:00:00,1,237,Credit Card
T00826,C0173,P0037,2025-02-15 01:00:00,2,1994,E-Wallet
T00827,C0047,P0020,2025-02-15 02:00:00,1,795,Credit Card
T00828,C0140,P0003,2025-02-15 03:00:00,1,938,Credit Card
T00829,C0246,P0037,2025-02-15 04:00:00,1,997,Credit Card
T00830,C0246,P0008,2025-02-15 06:00:00,2,806,Credit Card
T00831,C0005,P0040,2025-02-15 07:00:00,2,1334,Bank Transfer
T00832,C0184,P0044,2025-02-15 08:00:00,2,1214,E-Wallet
T00833,C0020,P0023,2025-02-15 09:00:00,2,754,Bank Transfer
T00834,C0012,P0011,2025-02-15 11:00:00,2,654,Credit Card
T00835,C0070,P0046,2025-02-15 12:00:00,2,728,Credit Card
T00836,C0017,P0008,2025-02-15 13:00:00,1,403,E-Wallet
T00837,C0147,P0029,2025-02-15 14:00:00,2,424,E-Wallet
T00838,C0154,P0030,2025-02-15 15:00:00,2,660,Bank Transfer
T00839,C0236,P0039,2025-02-15 17:00:00,2,1114,Bank Transfer
T00840,C0183,P0049,2025-02-15 19:00:00,2,1640,E-Wallet
T00841,C0250,P0036,2025-02-15 20:00:00,1,133,Bank Transfer
T00842,C0228,P0013,2025-02-15 21:00:00,1,965,Credit Card
T00843,C0102,P0032,2025-02-15 22:00:00,1,237,Credit Card
T00844,C0075,P0036,2025-02-15 23:00:00,1,133,E-Wallet
T00845,C0216,P0037,2025-02-16 00:00:00,1,997,Bank Transfer
T00846,C0203,P0026,2025-02-16 01:00:00,2,210,Credit Card
T00847,C0192,P0022,2025-02-16 02:00:00,1,371,E-Wallet
T00848,C0249,P0004,2025-02-16 03:00:00,1,447,Bank Transfer
T00849,C0242,P0031,2025-02-16 04:00:00,2,276,Credit Card
T00850,C0179,P0018,2025-02-16 05:00:00,2,720,Bank Transfer
T00851,C0082,P0024,2025-02-16 07:00:00,1,536,Bank Transfer
T00852,C0092,P0023,2025-02-16 08:00:00,2,754,Bank Transfer
T00853,C0175,P0022,2025-02-16 09:00:00,2,742,E-Wallet
T00854,C0239,P0002,2025-02-16 10:00:00,1,197,Credit Card
T00855,C0260,P0031,2025-02-16 11:00:00,2,276,E-Wallet
T00856,C0163,P0011,2025-02-16 12:00:00,1,327,Credit Card
T00857,C0116,P0046,2025-02-16 14:00:00,1,364,Credit Card
T00858,C0225,P0032,2025-02-16 15:00:00,2,474,E-Wallet
T00859,C0147,P0005,2025-02-16 16:00:00,1,313,E-Wallet
T00860,C0063,P0038,2025-02-16 17:00:00,1,164,Credit Card
T00861,C0294,P0010,2025-02-16 18:00:00,2,1664,Credit Card
T00862,C0013,P0040,2025-02-16 19:00:00,2,1334,Credit Card
T00863,C0189,P0046,2025-02-16 20:00:00,2,728,Bank Transfer
T00864,C0208,P0035,2025-02-16 22:00:00,2,866,Credit Card
T00865,C0114,P0044,2025-02-16 23:00:00,1,607,E-Wallet
T00866,C0171,P0017,2025-02-17 02:00:00,2,54,E-Wallet
T00867,C0054,P0001,2025-02-17 03:00:00,2,892,E-Wallet
T00868,C0126,P0031,2025-02-17 05:00:00,1,138,Credit Card
T00869,C0204,P0042,2025-02-17 07:00:00,1,763,Credit Card
T00871,C0169,P0009,2025-02-17 09:00:00,1,657,Bank Transfer
T00872,C0152,P0022,2025-02-17 10:00:00,2,742,E-Wallet
T00873,C0035,P0013,2025-02-17 11:00:00,2,1930,Bank Transfer
T00874,C0184,P0025,2025-02-17 12:00:00,1,514,Bank Transfer
T00875,C0286,P0048,2025-02-17 13:00:00,1,983,E-Wallet
T00876,C0222,P0012,2025-02-17 15:00:00,1,355,Credit Card
T00877,C0163,P0040,2025-02-17 16:00:00,1,667,Bank Transfer
T00878,C0264,P0015,2025-02-17 18:00:00,2,1822,Credit Card
T00880,C0113,P0015,2025-02-17 20:00:00,2,1822,E-Wallet
T00881,C0030,P0015,2025-02-17 21:00:00,1,911,Bank Transfer
T00883,C0067,P0013,2025-02-17 23:00:00,2,1930,E-Wallet
T00884,C0065,P0017,2025-02-18 00:00:00,2,54,E-Wallet
T00885,C0292,P0032,2025-02-18 01:00:00,2,474,Bank Transfer
T00886,C0025,P0009,2025-02-18 02:00:00,1,657,Bank Transfer
T00887,C0037,P0040,2025-02-18 03:00:00,2,1334,Bank Transfer
T00889,C0037,P0026,2025-02-18 05:00:00,2,210,Credit Card
T00890,C0141,P0027,2025-02-18 06:00:00,2,388,E-Wallet
T00891,C0232,P0021,2025-02-18 07:00:00,1,688,Bank Transfer
T00892,C0136,P0018,2025-02-18 08:00:00,1,360,Credit Card
T00893,C0188,P0013,2025-02-18 09:00:00,2,1930,Credit Card
T00894,C0128,P0016,2025-02-18 10:00:00,2,788,Bank Transfer
T00895,C0201,P0009,2025-02-18 11:00:00,1,657,Credit Card
T00896,C0257,P0044,2025-02-18 13:00:00,2,1214,Credit Card
T00897,C0164,P0038,2025-02-18 14:00:00,1,164,Bank Transfer
T00898,C0035,P0019,2025-02-18 15:00:00,1,148,Credit Card
T00900,C0191,P0035,2025-02-18 17:00:00,2,866,Bank Transfer
T00901,C0104,P0048,2025-02-18 18:00:00,2,1966,Credit Card
T00902,C0023,P0018,2025-02-18 19:00:00,1,360,Credit Card
T00904,C0260,P0004,2025-02-18 22:00:00,1,447,Credit Card
T00905,C0075,P0025,2025-02-18 23:00:00,1,514,Bank Transfer
T00906,C0072,P0032,2025-02-19 00:00:00,2,474,E-Wallet
T00907,C0290,P0017,2025-02-19 04:00:00,1,27,E-Wallet
T00908,C0045,P0049,2025-02-19 05:00:00,2,1640,Credit Card
T00909,C0061,P0037,2025-02-19 06:00:00,1,997,Bank Transfer
T00910,C0083,P0006,2025-02-19 07:00:00,2,1742,Bank Transfer
T00912,C0016,P0013,2025-02-19 09:00:00,2,1930,E-Wallet
T00914,C0162,P0031,2025-02-19 12:00:00,2,276,Bank Transfer
T00915,C0144,P0039,2025-02-19 14:00:00,1,557,Bank Transfer
T00916,C0188,P0008,2025-02-19 15:00:00,1,403,E-Wallet
T00917,C0013,P0025,2025-02-19 16:00:00,2,1028,Bank Transfer
T00918,C0184,P0013,2025-02-19 17:00:00,1,965,Bank Transfer
T00919,C0111,P0032,2025-02-19 18:00:00,1,237,Bank Transfer
T00920,C0290,P0038,2025-02-19 19:00:00,1,164,E-Wallet
T00921,C0215,P0028,2025-02-19 21:00:00,1,821,Bank Transfer
T00922,C0055,P0003,2025-02-19 23:00:00,1,938,Credit Card
T00923,C0027,P0028,2025-02-20 00:00:00,1,821,E-Wallet
T00924,C0118,P0003,2025-02-20 01:00:00,1,938,Credit Card
T00925,C0221,P0045,2025-02-20 02:00:00,2,1718,Credit Card
T00926,C0231,P0034,2025-02-20 03:00:00,1,989,E-Wallet
T00927,C0053,P0016,2025-02-20 04:00:00,1,394,Credit Card
T00928,C0233,P0032,2025-02-20 06:00:00,1,237,E-Wallet
T00929,C0158,P0038,2025-02-20 07:00:00,2,328,Credit Card
T00931,C0021,P0008,2025-02-20 09:00:00,1,403,Bank Transfer
T00932,C0053,P0006,2025-02-20 10:00:00,2,1742,Bank Transfer
T00933,C0275,P0014,2025-02-20 11:00:00,2,1530,Credit Card
T00934,C0281,P0032,2025-02-20 12:00:00,1,237,Bank Transfer
T00935,C0031,P0010,2025-02-20 14:00:00,2,1664,E-Wallet
T00936,C0183,P0003,2025-02-20 15:00:00,1,938,Credit Card
T00937,C0023,P0012,2025-02-20 16:00:00,2,710,Bank Transfer
T00938,C0032,P0049,2025-02-20 17:00:00,1,820,Bank Transfer
T00939,C0054,P0005,2025-02-20 20:00:00,2,626,Credit Card
T00940,C0148,P0041,2025-02-20 22:00:00,1,322,Bank Transfer
T00941,C0160,P0031,2025-02-20 23:00:00,1,138,Bank Transfer
T00942,C0014,P0021,2025-02-21 00:00:00,2,1376,Credit Card
T00943,C0178,P0020,2025-02-21 01:00:00,1,795,Bank Transfer
T00944,C0053,P0039,2025-02-21 02:00:00,1,557,Bank Transfer
T00945,C0191,P0013,2025-02-21 05:00:00,2,1930,Bank Transfer
T00946,C0260,P0045,2025-02-21 06:00:00,1,859,Bank Transfer
T00947,C0205,P0042,2025-02-21 07:00:00,1,763,Credit Card
T00948,C0059,P0050,2025-02-21 08:00:00,2,40,E-Wallet
T00949,C0264,P0049,2025-02-21 09:00:00,1,820,E-Wallet
T00950,C0012,P0020,2025-02-21 10:00:00,2,1590,Bank Transfer
T00951,C0119,P0013,2025-02-21 11:00:00,1,965,Bank Transfer
T00952,C0290,P0017,2025-02-21 12:00:00,2,54,E-Wallet
T00953,C0248,P0036,2025-02-21 13:00:00,2,266,Bank Transfer
T00954,C0127,P0033,2025-02-21 14:00:00,1,446,E-Wallet
T00955,C0075,P0001,2025-02-21 15:00:00,2,892,Credit Card
T00956,C0204,P0015,2025-02-21 16:00:00,1,911,Credit Card
T00957,C0049,P0013,2025-02-21 17:00:00,1,965,Credit Card
T00959,C0241,P0024,2025-02-21 19:00:00,1,536,Credit Card
T00960,C0154,P0008,2025-02-21 20:00:00,1,403,Credit Card
T00961,C0274,P0050,2025-02-21 21:00:00,2,40,E-Wallet
T00962,C0096,P0027,2025-02-21 22:00:00,1,194,Bank Transfer
T00963,C0214,P0045,2025-02-21 23:00:00,1,859,E-Wallet
T00964,C0294,P0023,2025-02-22 00:00:00,2,754,Credit Card
T00965,C0209,P0046,2025-02-22 01:00:00,1,364,Bank Transfer
T00966,C0088,P0008,2025-02-22 02:00:00,1,403,Bank Transfer
T00967,C0264,P0008,2025-02-22 03:00:00,2,806,Credit Card
T00968,C0156,P0047,2025-02-22 05:00:00,1,833,Credit Card
T00969,C0139,P0013,2025-02-22 06:00:00,1,965,Credit Card
T00970,C0121,P0039,2025-02-22 07:00:00,2,1114,Credit Card
T00971,C0065,P0037,2025-02-22 08:00:00,1,997,Credit Card
T00972,C0107,P0049,2025-02-22 09:00:00,1,820,Credit Card
T00973,C0147,P0028,2025-02-22 10:00:00,2,1642,Bank Transfer
T00974,C0137,P0025,2025-02-22 11:00:00,2,1028,Credit Card
T00975,C0162,P0016,2025-02-22 12:00:00,1,394,Credit Card
T00976,C0100,P0002,2025-02-22 13:00:00,1,197,Bank Transfer
T00977,C0083,P0017,2025-02-22 15:00:00,2,54,E-Wallet
T00978,C0056,P0032,2025-02-22 19:00:00,1,237,Credit Card
T00979,C0179,P0050,2025-02-22 20:00:00,1,20,Bank Transfer
T00980,C0186,P0029,2025-02-22 21:00:00,1,212,Bank Transfer
T00981,C0218,P0046,2025-02-22 22:00:00,2,728,E-Wallet
T00982,C0217,P0030,2025-02-22 23:00:00,1,330,Credit Card
T00983,C0120,P0018,2025-02-23 00:00:00,1,360,Credit Card
T00984,C0023,P0043,2025-02-23 02:00:00,2,1800,Credit Card
T00985,C0235,P0030,2025-02-23 04:00:00,2,660,Bank Transfer
T00986,C0013,P0021,2025-02-23 05:00:00,2,1376,Credit Card
T00987,C0101,P0048,2025-02-23 06:00:00,1,983,Credit Card
T00988,C0024,P0017,2025-02-23 07:00:00,1,27,Credit Card
T00989,C0011,P0040,2025-02-23 08:00:00,2,1334,Credit Card
T00990,C0273,P0019,2025-02-23 09:00:00,1,148,E-Wallet
T00991,C0281,P0015,2025-02-23 10:00:00,1,911,E-Wallet
T00992,C0094,P0009,2025-02-23 11:00:00,1,657,E-Wallet
T00993,C0021,P0044,2025-02-23 13:00:00,1,607,Credit Card
T00994,C0298,P0033,2025-02-23 17:00:00,2,892,Credit Card
T00995,C0101,P0009,2025-02-23 18:00:00,2,1314,Bank Transfer
T00996,C0028,P0047,2025-02-23 19:00:00,1,833,Bank Transfer
T00997,C0041,P0001,2025-02-23 20:00:00,2,892,Bank Transfer
T00998,C0146,P0044,2025-02-23 21:00:00,1,607,Credit Card
T00999,C0227,P0011,2025-02-23 23:00:00,1,327,E-Wallet
T01000,C0236,P0034,2025-02-24 00:00:00,2,1978,E-Wallet
T01001,C0210,P0009,2025-02-24 02:00:00,2,1314,E-Wallet
T01002,C0031,P0012,2025-02-24 05:00:00,1,355,Credit Card
T01003,C0016,P0033,2025-02-24 06:00:00,1,446,E-Wallet
T01004,C0137,P0045,2025-02-24 07:00:00,1,859,Bank Transfer
T01005,C0166,P0014,2025-02-24 08:00:00,1,765,Bank Transfer
T01006,C0100,P0008,2025-02-24 09:00:00,2,806,E-Wallet
T01007,C0109,P0008,2025-02-24 10:00:00,2,806,Bank Transfer
T01008,C0237,P0012,2025-02-24 12:00:00,1,355,E-Wallet
T01009,C0216,P0043,2025-02-24 14:00:00,1,900,E-Wallet
T01010,C0264,P0040,2025-02-24 15:00:00,2,1334,Bank Transfer
T01011,C0263,P0042,2025-02-24 16:00:00,1,763,Bank Transfer
T01012,C0274,P0039,2025-02-24 18:00:00,2,1114,Bank Transfer
T01013,C0003,P0043,2025-02-24 19:00:00,1,900,Bank Transfer
T01014,C0149,P0017,2025-02-24 21:00:00,2,54,E-Wallet
T01015,C0028,P0033,2025-02-24 22:00:00,1,446,Bank Transfer
T01016,C0065,P0032,2025-02-24 23:00:00,1,237,Bank Transfer
T01017,C0021,P0029,2025-02-25 00:00:00,1,212,Credit Card
T01018,C0252,P0021,2025-02-25 01:00:00,2,1376,Bank Transfer
T01019,C0235,P0021,2025-02-25 02:00:00,2,1376,Bank Transfer
T01020,C0013,P0023,2025-02-25 04:00:00,1,377,E-Wallet
T01021,C0049,P0006,2025-02-25 05:00:00,1,871,E-Wallet
T01022,C0138,P0038,2025-02-25 08:00:00,1,164,Credit Card
T01023,C0053,P0037,2025-02-25 09:00:00,1,997,Bank Transfer
T01024,C0044,P0045,2025-02-25 10:00:00,2,1718,Bank Transfer
T01025,C0053,P0008,2025-02-25 11:00:00,2,806,Bank Transfer
T01026,C0074,P0041,2025-02-25 12:00:00,2,644,Bank Transfer
T01027,C0165,P0011,2025-02-25 15:00:00,1,327,Bank Transfer
T01028,C0102,P0024,2025-02-25 16:00:00,1,536,Bank Transfer
T01029,C0138,P0002,2025-02-25 19:00:00,2,394,Credit Card
T01030,C0163,P0040,2025-02-25 20:00:00,1,667,Bank Transfer
T01031,C0111,P0019,2025-02-25 21:00:00,2,296,Bank Transfer
T01032,C0102,P0039,2025-02-25 22:00:00,2,1114,Bank Transfer
T01033,C0017,P0028,2025-02-25 23:00:00,2,1642,Credit Card
T01034,C0268,P0017,2025-02-26 00:00:00,2,54,Bank Transfer
T01035,C0182,P0006,2025-02-26 01:00:00,1,871,Credit Card
T01036,C0024,P0019,2025-02-26 02:00:00,2,296,E-Wallet
T01037,C0029,P0038,2025-02-26 03:00:00,1,164,Bank Transfer
T01038,C0171,P0028,2025-02-26 04:00:00,2,1642,Credit Card
T01039,C0228,P0002,2025-02-26 05:00:00,2,394,E-Wallet
T01040,C0188,P0038,2025-02-26 06:00:00,2,328,Credit Card
T01041,C0156,P0022,2025-02-26 09:00:00,2,742,Credit Card
T01042,C0272,P0026,2025-02-26 10:00:00,1,105,E-Wallet
T01043,C0175,P0049,2025-02-26 11:00:00,1,820,Bank Transfer
T01044,C0104,P0043,2025-02-26 12:00:00,1,900,Bank Transfer
T01045,C0092,P0036,2025-02-26 13:00:00,1,133,Credit Card
T01046,C0186,P0013,2025-02-26 14:00:00,2,1930,E-Wallet
T01047,C0283,P0032,2025-02-26 15:00:00,1,237,Bank Transfer
T01048,C0181,P0017,2025-02-26 16:00:00,1,27,Credit Card
T01049,C0170,P0041,2025-02-26 17:00:00,2,644,E-Wallet
T01050,C0175,P0046,2025-02-26 19:00:00,1,364,Credit Card
T01051,C0222,P0019,2025-02-26 20:00:00,1,148,E-Wallet
T01052,C0233,P0035,2025-02-26 21:00:00,1,433,Bank Transfer
T01053,C0162,P0046,2025-02-26 22:00:00,1,364,Bank Transfer
T01054,C0134,P0040,2025-02-26 23:00:00,2,1334,Credit Card
T01055,C0224,P0028,2025-02-27 00:00:00,2,1642,Bank Transfer
T01056,C0153,P0001,2025-02-27 01:00:00,1,446,Bank Transfer
T01058,C0055,P0018,2025-02-27 03:00:00,1,360,Bank Transfer
T01059,C0007,P0048,2025-02-27 04:00:00,1,983,E-Wallet
T01061,C0126,P0033,2025-02-27 06:00:00,2,892,Credit Card
T01062,C0012,P0012,2025-02-27 07:00:00,2,710,E-Wallet
T01063,C0043,P0016,2025-02-27 10:00:00,2,788,Bank Transfer
T01065,C0228,P0004,2025-02-27 12:00:00,2,894,E-Wallet
T01066,C0160,P0044,2025-02-27 14:00:00,2,1214,Credit Card
T01067,C0264,P0027,2025-02-27 15:00:00,1,194,Bank Transfer
T01068,C0225,P0009,2025-02-27 16:00:00,2,1314,Bank Transfer
T01069,C0045,P0016,2025-02-27 18:00:00,1,394,Bank Transfer
T01070,C0059,P0031,2025-02-27 20:00:00,1,138,E-Wallet
T01071,C0132,P0024,2025-02-27 21:00:00,2,1072,Bank Transfer
T01072,C0104,P0014,2025-02-27 22:00:00,1,765,Bank Transfer
T01073,C0157,P0025,2025-02-28 00:00:00,1,514,E-Wallet
T01074,C0098,P0034,2025-02-28 01:00:00,1,989,Credit Card
T01075,C0226,P0003,2025-02-28 02:00:00,2,1876,Credit Card
T01076,C0205,P0024,2025-02-28 03:00:00,2,1072,E-Wallet
T01078,C0124,P0009,2025-02-28 05:00:00,2,1314,Credit Card
T01079,C0004,P0020,2025-02-28 07:00:00,1,795,Credit Card
T01080,C0090,P0040,2025-02-28 08:00:00,2,1334,Bank Transfer
T01081,C0119,P0019,2025-02-28 10:00:00,1,148,Credit Card
T01082,C0133,P0003,2025-02-28 11:00:00,1,938,Bank Transfer
T01083,C0096,P0024,2025-02-28 12:00:00,2,1072,Credit Card
T01084,C0143,P0005,2025-02-28 13:00:00,2,626,Bank Transfer
T01085,C0278,P0016,2025-02-28 16:00:00,2,788,E-Wallet
T01086,C0233,P0049,2025-02-28 17:00:00,2,1640,E-Wallet
T01087,C0059,P0035,2025-02-28 19:00:00,2,866,Credit Card
T01088,C0267,P0047,2025-03-01 00:00:00,1,833,Bank Transfer
T01089,C0068,P0023,2025-03-01 02:00:00,1,377,E-Wallet
T01090,C0102,P0012,2025-03-01 06:00:00,1,355,E-Wallet
T01091,C0216,P0023,2025-03-01 07:00:00,2,754,E-Wallet
T01092,C0188,P0004,2025-03-01 08:00:00,2,894,E-Wallet
T01093,C0057,P0023,2025-03-01 09:00:00,1,377,Credit Card
T01094,C0047,P0048,2025-03-01 10:00:00,1,983,Bank Transfer
T01095,C0159,P0048,2025-03-01 11:00:00,1,983,E-Wallet
T01096,C0174,P0001,2025-03-01 12:00:00,1,446,Credit Card
T01097,C0242,P0025,2025-03-01 13:00:00,2,1028,E-Wallet
T01099,C0005,P0003,2025-03-01 16:00:00,2,1876,E-Wallet
T01100,C0084,P0021,2025-03-01 17:00:00,1,688,E-Wallet
T01101,C0248,P0025,2025-03-01 18:00:00,2,1028,Credit Card
T01102,C0054,P0020,2025-03-01 19:00:00,2,1590,Bank Transfer
T01103,C0161,P0049,2025-03-01 20:00:00,2,1640,Credit Card
T01104,C0226,P0022,2025-03-01 21:00:00,2,742,Credit Card
T01106,C0224,P0033,2025-03-01 23:00:00,1,446,E-Wallet
T01107,C0061,P0038,2025-03-02 00:00:00,1,164,Bank Transfer
T01109,C0277,P0046,2025-03-02 02:00:00,1,364,Credit Card
T01110,C0046,P0015,2025-03-02 03:00:00,1,911,E-Wallet
T01111,C0294,P0046,2025-03-02 04:00:00,1,364,Bank Transfer
T01112,C0202,P0006,2025-03-02 09:00:00,2,1742,Bank Transfer
T01113,C0223,P0049,2025-03-02 10:00:00,2,1640,E-Wallet
T01114,C0222,P0043,2025-03-02 11:00:00,2,1800,Credit Card
T01115,C0003,P0048,2025-03-02 12:00:00,1,983,E-Wallet
T01116,C0006,P0044,2025-03-02 13:00:00,1,607,Credit Card
T01117,C0008,P0023,2025-03-02 15:00:00,1,377,Bank Transfer
T01118,C0235,P0004,2025-03-02 16:00:00,2,894,E-Wallet
T01119,C0108,P0027,2025-03-02 17:00:00,1,194,Bank Transfer
T01120,C0209,P0021,2025-03-02 19:00:00,2,1376,Credit Card
T01121,C0240,P0028,2025-03-02 20:00:00,2,1642,Credit Card
T01122,C0050,P0035,2025-03-02 21:00:00,2,866,E-Wallet
T01123,C0011,P0022,2025-03-02 22:00:00,2,742,E-Wallet
T01124,C0156,P0040,2025-03-02 23:00:00,1,667,E-Wallet
T01125,C0070,P0023,2025-03-03 00:00:00,1,377,Bank Transfer
T01126,C0272,P0040,2025-03-03 02:00:00,2,1334,Credit Card
T01127,C0252,P0010,2025-03-03 04:00:00,1,832,Credit Card
T01128,C0184,P0049,2025-03-03 06:00:00,2,1640,Bank Transfer
T01129,C0187,P0008,2025-03-03 07:00:00,1,403,E-Wallet
T01130,C0090,P0011,2025-03-03 08:00:00,1,327,E-Wallet
T01131,C0139,P0005,2025-03-03 09:00:00,2,626,Bank Transfer
T01132,C0019,P0045,2025-03-03 12:00:00,2,1718,Credit Card
T01133,C0154,P0038,2025-03-03 13:00:00,2,328,Credit Card
T01134,C0260,P0029,2025-03-03 14:00:00,2,424,Credit Card
T01135,C0108,P0005,2025-03-03 15:00:00,1,313,Credit Card
T01136,C0285,P0009,2025-03-03 16:00:00,2,1314,Bank Transfer
T01137,C0059,P0048,2025-03-03 17:00:00,1,983,Credit Card
T01138,C0125,P0002,2025-03-03 18:00:00,2,394,Bank Transfer
T01139,C0273,P0001,2025-03-03 19:00:00,1,446,E-Wallet
T01140,C0107,P0040,2025-03-03 20:00:00,2,1334,Bank Transfer
T01142,C0245,P0011,2025-03-03 22:00:00,1,327,E-Wallet
T01144,C0008,P0044,2025-03-04 00:00:00,2,1214,Bank Transfer
T01145,C0094,P0026,2025-03-04 03:00:00,2,210,Bank Transfer
T01146,C0039,P0013,2025-03-04 04:00:00,2,1930,E-Wallet
T01147,C0081,P0008,2025-03-04 05:00:00,2,806,Bank Transfer
T01148,C0084,P0030,2025-03-04 07:00:00,1,330,Credit Card
T01149,C0242,P0039,2025-03-04 09:00:00,1,557,E-Wallet
T01150,C0093,P0031,2025-03-04 10:00:00,1,138,E-Wallet
