session_id,customer_id,session_date,device,traffic_source,pages_viewed,time_spent_sec,product_id
S00632,C0049,2025-01-27 07:00:00,Desktop,Social,1,200,P0010
S01468,C0068,2025-03-03 03:00:00,Desktop,Organic,3,63,P0050
S01378,C0208,2025-02-27 09:00:00,Desktop,Social,1,336,P0024
S01021,C0234,2025-02-12 12:00:00,Desktop,Social,3,483,P0011
S00625,C0076,2025-01-27 00:00:00,Desktop,Ads,5,205,P0033
S01187,C0066,2025-02-19 10:00:00,Desktop,Social,3,492,P0026
S01324,C0227,2025-02-25 03:00:00,Mobile,Ads,6,116,P0040
S00959,C0002,2025-02-09 22:00:00,Desktop,Social,1,208,P0020
S01206,C0295,2025-02-20 05:00:00,Desktop,Ads,1,144,P0022
S00779,C0091,2025-02-02 10:00:00,Mobile,Ads,3,38,P0019
S00290,C0192,2025-01-13 01:00:00,Mobile,Ads,3,247,P0033
S00502,C0116,2025-01-21 21:00:00,Mobile,Social,2,243,P0043
S00686,C0008,2025-01-29 13:00:00,Mobile,Organic,3,150,P0001
S00509,C0260,2025-01-22 04:00:00,Mobile,Ads,3,61,P0009
S00707,C0223,2025-01-30 10:00:00,Mobile,Ads,2,144,P0041
S00155,C0196,2025-01-07 10:00:00,Desktop,Organic,1,151,P0041
S01298,C0013,2025-02-24 01:00:00,Mobile,Organic,1,54,P0016
S00299,C0010,2025-01-13 10:00:00,Desktop,Social,2,115,P0033
S00232,C0103,2025-01-10 15:00:00,Desktop,Organic,5,122,P0026
S00482,C0162,2025-01-21 01:00:00,Mobile,Organic,1,591,P0048
S01009,C0064,2025-02-12 00:00:00,Mobile,Organic,1,115,P0028
S00190,C0238,2025-01-08 21:00:00,Desktop,Social,1,540,P0048
S00755,C0148,2025-02-01 10:00:00,Desktop,Organic,1,60,P0032
S01179,C0188,2025-02-19 02:00:00,Desktop,Organic,1,462,P0013
S00319,C0109,2025-01-14 06:00:00,Mobile,Ads,2,221,P0007
S00114,C0036,2025-01-05 17:00:00,Mobile,Ads,1,593,P0037
S01029,C0037,2025-02-12 20:00:00,Desktop,Organic,2,354,P0029
S00046,C0108,2025-01-02 21:00:00,Desktop,Organic,1,320,P0027
S00371,C0172,2025-01-16 10:00:00,Desktop,Social,1,198,P0027
S00829,C0183,2025-02-04 12:00:00,Mobile,Ads,5,46,P0047
S01288,C0140,2025-02-23 15:00:00,Desktop,Social,1,143,P0023
S00742,C0150,2025-01-31 21:00:00,Mobile,Ads,3,116,P0020
S00089,C0130,2025-01-04 16:00:00,Desktop,Social,6,32,P0040
S00485,C0159,2025-01-21 04:00:00,Desktop,Social,3,75,P0038
S01222,C0052,2025-02-20 21:00:00,Desktop,Organic,6,37,P0025
S00228,C0252,2025-01-10 11:00:00,Desktop,Organic,2,564,P0045
S00168,C0216,2025-01-07 23:00:00,Desktop,Social,3,220,P0036
S00129,C0115,2025-01-06 08:00:00,Desktop,Ads,4,205,P0034
S00866,C0162,2025-02-06 01:00:00,Mobile,Ads,1,118,P0021
S01338,C0280,2025-02-25 17:00:00,Mobile,Ads,1,365,P0049
S00446,C0020,2025-01-19 13:00:00,Mobile,Social,3,426,P0004
S00331,C0261,2025-01-14 18:00:00,Desktop,Social,2,42,P0041
S01449,C0078,2025-03-02 08:00:00,Desktop,Ads,1,302,P0005
S00029,C0049,2025-01-02 04:00:00,Desktop,Ads,1,215,P0009
S01061,C0273,2025-02-14 04:00:00,Mobile,Social,1,30,P0012
S00604,C0028,2025-01-26 03:00:00,Desktop,Social,1,57,P0029
S00237,C0124,2025-01-10 20:00:00,Desktop,Organic,3,132,P0004
S01266,C0198,2025-02-22 17:00:00,Mobile,Social,5,177,P0039
S00280,C0082,2025-01-12 15:00:00,Desktop,Social,1,361,P0008
S01408,C0028,2025-02-28 15:00:00,Mobile,Ads,1,161,P0027
S01455,C0093,2025-03-02 14:00:00,Mobile,Organic,5,109,P0047
S00024,C0125,2025-01-01 23:00:00,Mobile,Organic,2,299,P0044
S00424,C0186,2025-01-18 15:00:00,Desktop,Ads,4,366,P0010
S00426,C0072,2025-01-18 17:00:00,Mobile,Organic,1,269,P0009
S01031,C0124,2025-02-12 22:00:00,Desktop,Ads,4,47,P0026
S01253,C0157,2025-02-22 04:00:00,Mobile,Ads,2,117,P0026
S00192,C0141,2025-01-08 23:00:00,Mobile,Social,3,384,P0025
S00857,C0276,2025-02-05 16:00:00,Mobile,Social,5,70,P0020
S00275,C0196,2025-01-12 10:00:00,Desktop,Organic,2,96,P0044
S00448,C0243,2025-01-19 15:00:00,Desktop,Social,3,268,P0009
S00740,C0279,2025-01-31 19:00:00,Desktop,Ads,2,113,P0045
S00136,C0149,2025-01-06 15:00:00,Desktop,Social,1,390,P0041
S00254,C0219,2025-01-11 13:00:00,Mobile,Organic,4,239,P0049
S01459,C0161,2025-03-02 18:00:00,Mobile,Ads,5,194,P0018
S00296,C0048,2025-01-13 07:00:00,Desktop,Organic,2,59,P0012
S00374,C0113,2025-01-16 13:00:00,Mobile,Ads,1,228,P0044
S00754,C0201,2025-02-01 09:00:00,Mobile,Social,1,66,P0043
S00745,C0139,2025-02-01 00:00:00,Mobile,Organic,2,469,P0029
S00842,C0201,2025-02-05 01:00:00,Mobile,Ads,4,346,P0027
S01414,C0199,2025-02-28 21:00:00,Desktop,Social,1,395,P0041
S00966,C0235,2025-02-10 05:00:00,Mobile,Social,5,193,P0018
S00304,C0203,2025-01-13 15:00:00,Desktop,Social,2,160,P0033
S00359,C0288,2025-01-15 22:00:00,Desktop,Organic,1,286,P0024
S00058,C0077,2025-01-03 09:00:00,Mobile,Social,4,102,P0050
S00258,C0149,2025-01-11 17:00:00,Desktop,Ads,1,233,P0005
S01265,C0177,2025-02-22 16:00:00,Mobile,Ads,2,445,P0030
S00035,C0019,2025-01-02 10:00:00,Desktop,Organic,2,48,P0029
S00427,C0129,2025-01-18 18:00:00,Mobile,Ads,2,562,P0045
S00853,C0093,2025-02-05 12:00:00,Mobile,Ads,1,289,P0006
S01339,C0258,2025-02-25 18:00:00,Mobile,Social,2,97,P0021
S01353,C0119,2025-02-26 08:00:00,Mobile,Social,3,144,P0004
S00554,C0036,2025-01-24 01:00:00,Mobile,Organic,2,456,P0045
S00608,C0177,2025-01-26 07:00:00,Mobile,Ads,1,52,P0013
S00406,C0044,2025-01-17 21:00:00,Mobile,Social,3,89,P0021
S01126,C0287,2025-02-16 21:00:00,Mobile,Organic,3,313,P0024
S00243,C0062,2025-01-11 02:00:00,Desktop,Ads,1,40,P0040
S01491,C0008,2025-03-04 02:00:00,Mobile,Social,2,280,P0039
S01060,C0139,2025-02-14 03:00:00,Mobile,Social,1,204,P0039
S01070,C0165,2025-02-14 13:00:00,Mobile,Social,1,285,P0034
S00875,C0268,2025-02-06 10:00:00,Desktop,Ads,4,76,P0025
S01377,C0016,2025-02-27 08:00:00,Desktop,Organic,1,90,P0008
S00061,C0291,2025-01-03 12:00:00,Desktop,Ads,5,106,P0045
S00561,C0120,2025-01-24 08:00:00,Mobile,Organic,3,36,P0001
S00110,C0116,2025-01-05 13:00:00,Mobile,Social,2,259,P0027
S01334,C0046,2025-02-25 13:00:00,Mobile,Ads,5,126,P0049
S01421,C0175,2025-03-01 04:00:00,Mobile,Ads,3,326,P0050
S00947,C0202,2025-02-09 10:00:00,Desktop,Ads,2,115,P0011
S01030,C0170,2025-02-12 21:00:00,Mobile,Social,1,377,P0040
S01490,C0141,2025-03-04 01:00:00,Desktop,Organic,2,88,P0012
S00833,C0268,2025-02-04 16:00:00,Mobile,Ads,2,96,P0030
S00521,C0138,2025-01-22 16:00:00,Mobile,Organic,6,46,P0028
S01097,C0108,2025-02-15 16:00:00,Mobile,Ads,1,70,P0010
S01416,C0025,2025-02-28 23:00:00,Mobile,Ads,1,210,P0026
S01446,C0062,2025-03-02 05:00:00,Mobile,Social,2,151,P0025
S00075,C0042,2025-01-04 02:00:00,Desktop,Social,3,171,P0029
S00556,C0106,2025-01-24 03:00:00,Desktop,Ads,2,234,P0020
S00311,C0173,2025-01-13 22:00:00,Mobile,Ads,3,394,P0002
S00465,C0260,2025-01-20 08:00:00,Mobile,Social,1,98,P0032
S00069,C0280,2025-01-03 20:00:00,Desktop,Ads,1,106,P0001
S00952,C0201,2025-02-09 15:00:00,Mobile,Ads,1,432,P0005
S00415,C0023,2025-01-18 06:00:00,Mobile,Social,3,236,P0049
S01178,C0259,2025-02-19 01:00:00,Desktop,Social,6,134,P0040
S00134,C0121,2025-01-06 13:00:00,Desktop,Organic,1,321,P0005
S01078,C0064,2025-02-14 21:00:00,Mobile,Ads,4,89,P0024
S00590,C0069,2025-01-25 13:00:00,Mobile,Ads,3,119,P0039
S00751,C0248,2025-02-01 06:00:00,Desktop,Organic,4,33,P0004
S01422,C0052,2025-03-01 05:00:00,Desktop,Ads,1,204,P0020
S01327,C0118,2025-02-25 06:00:00,Desktop,Ads,5,122,P0022
S01133,C0298,2025-02-17 04:00:00,Desktop,Ads,1,84,P0031
S00664,C0267,2025-01-28 15:00:00,Mobile,Social,2,103,P0001
S00240,C0063,2025-01-10 23:00:00,Desktop,Ads,1,223,P0019
S00587,C0165,2025-01-25 10:00:00,Mobile,Social,1,245,P0006
S01285,C0201,2025-02-23 12:00:00,Desktop,Social,2,292,P0010
S00444,C0014,2025-01-19 11:00:00,Desktop,Ads,2,527,P0047
S00580,C0248,2025-01-25 03:00:00,Mobile,Organic,1,163,P0042
S00055,C0011,2025-01-03 06:00:00,Mobile,Ads,1,537,P0018
S00925,C0008,2025-02-08 12:00:00,Mobile,Social,1,532,P0043
S00034,C0152,2025-01-02 09:00:00,Mobile,Social,3,282,P0025
S01077,C0147,2025-02-14 20:00:00,Desktop,Organic,4,300,P0038
S00977,C0146,2025-02-10 16:00:00,Desktop,Ads,4,99,P0041
S00047,C0226,2025-01-02 22:00:00,Desktop,Organic,6,82,P0026
S00643,C0214,2025-01-27 18:00:00,Desktop,Ads,3,90,P0019
S01199,C0120,2025-02-19 22:00:00,Mobile,Ads,4,162,P0030
S00317,C0087,2025-01-14 04:00:00,Mobile,Social,1,147,P0013
S00923,C0103,2025-02-08 10:00:00,Desktop,Organic,2,82,P0032
S00830,C0016,2025-02-04 13:00:00,Desktop,Organic,1,85,P0003
S00706,C0102,2025-01-30 09:00:00,Mobile,Ads,1,41,P0044
S00727,C0131,2025-01-31 06:00:00,Desktop,Social,6,101,P0022
S01005,C0157,2025-02-11 20:00:00,Desktop,Ads,2,69,P0020
S01418,C0181,2025-03-01 01:00:00,Mobile,Ads,1,255,P0034
S00369,C0278,2025-01-16 08:00:00,Mobile,Ads,1,388,P0038
S00271,C0256,2025-01-12 06:00:00,Desktop,Ads,1,282,P0025
S01310,C0162,2025-02-24 13:00:00,Mobile,Ads,1,353,P0001
S00379,C0039,2025-01-16 18:00:00,Mobile,Organic,2,52,P0002
S00573,C0021,2025-01-24 20:00:00,Mobile,Social,4,155,P0032
S01143,C0057,2025-02-17 14:00:00,Desktop,Social,1,168,P0018
S00382,C0018,2025-01-16 21:00:00,Desktop,Ads,1,325,P0022
S01476,C0274,2025-03-03 11:00:00,Desktop,Ads,3,141,P0037
S00265,C0181,2025-01-12 00:00:00,Desktop,Social,4,164,P0035
S00103,C0215,2025-01-05 06:00:00,Mobile,Ads,1,284,P0048
S00151,C0249,2025-01-07 06:00:00,Mobile,Social,3,105,P0012
S00578,C0127,2025-01-25 01:00:00,Desktop,Ads,2,152,P0042
S00495,C0019,2025-01-21 14:00:00,Mobile,Ads,5,94,P0046
S00264,C0213,2025-01-11 23:00:00,Mobile,Ads,2,60,P0048
S01214,C0214,2025-02-20 13:00:00,Mobile,Ads,3,391,P0035
S01267,C0112,2025-02-22 18:00:00,Desktop,Ads,4,58,P0013
S00504,C0251,2025-01-21 23:00:00,Mobile,Social,2,90,P0039
S00585,C0154,2025-01-25 08:00:00,Desktop,Ads,1,88,P0021
S00826,C0120,2025-02-04 09:00:00,Desktop,Ads,4,58,P0032
S00338,C0223,2025-01-15 01:00:00,Mobile,Ads,3,309,P0006
S01289,C0293,2025-02-23 16:00:00,Desktop,Ads,3,55,P0030
S00874,C0061,2025-02-06 09:00:00,Desktop,Social,1,317,P0006
S01295,C0256,2025-02-23 22:00:00,Desktop,Social,3,64,P0035
S00674,C0238,2025-01-29 01:00:00,Mobile,Ads,2,96,P0024
S01135,C0277,2025-02-17 06:00:00,Desktop,Social,3,156,P0042
S00685,C0129,2025-01-29 12:00:00,Desktop,Social,5,161,P0039
S01054,C0300,2025-02-13 21:00:00,Desktop,Organic,4,54,P0008
S01053,C0021,2025-02-13 20:00:00,Desktop,Ads,2,150,P0031
S01045,C0068,2025-02-13 12:00:00,Desktop,Social,3,220,P0024
S00512,C0047,2025-01-22 07:00:00,Desktop,Ads,3,210,P0002
S00154,C0154,2025-01-07 09:00:00,Mobile,Organic,2,358,P0047
S00048,C0161,2025-01-02 23:00:00,Mobile,Ads,1,139,P0014
S00956,C0084,2025-02-09 19:00:00,Mobile,Ads,1,514,P0004
S00775,C0225,2025-02-02 06:00:00,Mobile,Ads,3,126,P0032
S00445,C0121,2025-01-19 12:00:00,Mobile,Organic,6,89,P0015
S00953,C0039,2025-02-09 16:00:00,Desktop,Ads,1,569,P0021
S01081,C0267,2025-02-15 00:00:00,Desktop,Social,3,264,P0015
S00470,C0119,2025-01-20 13:00:00,Mobile,Organic,2,345,P0043
S01407,C0288,2025-02-28 14:00:00,Mobile,Organic,2,216,P0003
S01448,C0210,2025-03-02 07:00:00,Desktop,Ads,2,345,P0024
S01413,C0090,2025-02-28 20:00:00,Mobile,Social,1,200,P0012
S01382,C0111,2025-02-27 13:00:00,Mobile,Social,2,287,P0038
S00669,C0164,2025-01-28 20:00:00,Desktop,Organic,2,462,P0013
S01220,C0010,2025-02-20 19:00:00,Desktop,Social,1,120,P0029
S01411,C0017,2025-02-28 18:00:00,Mobile,Ads,6,128,P0015
S00612,C0098,2025-01-26 11:00:00,Desktop,Organic,4,215,P0048
S01028,C0125,2025-02-12 19:00:00,Mobile,Ads,4,204,P0008
S00022,C0010,2025-01-01 21:00:00,Mobile,Organic,2,49,P0029
S00450,C0070,2025-01-19 17:00:00,Mobile,Organic,1,54,P0026
S01057,C0280,2025-02-14 00:00:00,Desktop,Organic,1,143,P0030
S00827,C0127,2025-02-04 10:00:00,Desktop,Social,1,68,P0049
S01219,C0074,2025-02-20 18:00:00,Mobile,Organic,3,250,P0031
S00488,C0211,2025-01-21 07:00:00,Mobile,Ads,2,446,P0013
S01263,C0141,2025-02-22 14:00:00,Mobile,Organic,1,50,P0018
S00838,C0255,2025-02-04 21:00:00,Desktop,Ads,2,167,P0028
S01314,C0292,2025-02-24 17:00:00,Desktop,Organic,3,50,P0011
S00510,C0148,2025-01-22 05:00:00,Desktop,Ads,1,189,P0018
S00286,C0021,2025-01-12 21:00:00,Mobile,Ads,2,346,P0019
S01228,C0022,2025-02-21 03:00:00,Desktop,Organic,1,220,P0022
S00124,C0003,2025-01-06 03:00:00,Desktop,Ads,2,84,P0024
S00326,C0228,2025-01-14 13:00:00,Mobile,Organic,4,239,P0020
S01274,C0175,2025-02-23 01:00:00,Mobile,Organic,2,100,P0013
S00422,C0111,2025-01-18 13:00:00,Desktop,Organic,3,103,P0019
S00970,C0127,2025-02-10 09:00:00,Mobile,Organic,1,199,P0011
S00879,C0136,2025-02-06 14:00:00,Mobile,Social,1,449,P0007
S00532,C0069,2025-01-23 03:00:00,Mobile,Organic,1,365,P0004
S00777,C0251,2025-02-02 08:00:00,Mobile,Ads,3,307,P0035
S01086,C0149,2025-02-15 05:00:00,Desktop,Social,2,532,P0040
S00178,C0206,2025-01-08 09:00:00,Mobile,Ads,2,394,P0042
S01402,C0104,2025-02-28 09:00:00,Mobile,Organic,1,220,P0010
S00256,C0230,2025-01-11 15:00:00,Mobile,Ads,2,323,P0019
S01118,C0048,2025-02-16 13:00:00,Mobile,Social,1,236,P0028
S00334,C0138,2025-01-14 21:00:00,Mobile,Social,3,80,P0029
S00784,C0190,2025-02-02 15:00:00,Desktop,Ads,2,152,P0009
S00272,C0183,2025-01-12 07:00:00,Mobile,Social,4,324,P0020
S00645,C0092,2025-01-27 20:00:00,Mobile,Ads,4,176,P0028
S00049,C0119,2025-01-03 00:00:00,Desktop,Organic,3,33,P0017
S00144,C0142,2025-01-06 23:00:00,Mobile,Social,1,112,P0021
S00123,C0136,2025-01-06 02:00:00,Desktop,Organic,2,162,P0029
S00702,C0158,2025-01-30 05:00:00,Desktop,Organic,1,111,P0029
S00568,C0228,2025-01-24 15:00:00,Mobile,Social,5,109,P0021
S00599,C0289,2025-01-25 22:00:00,Mobile,Social,1,96,P0016
S00938,C0084,2025-02-09 01:00:00,Mobile,Organic,3,51,P0002
S00518,C0137,2025-01-22 13:00:00,Desktop,Ads,3,141,P0043
S01056,C0092,2025-02-13 23:00:00,Mobile,Social,1,189,P0031
S00219,C0253,2025-01-10 02:00:00,Mobile,Ads,1,212,P0006
S00376,C0032,2025-01-16 15:00:00,Desktop,Social,2,316,P0020
S01146,C0019,2025-02-17 17:00:00,Desktop,Ads,2,30,P0017
S00744,C0108,2025-01-31 23:00:00,Desktop,Ads,2,183,P0042
S00859,C0179,2025-02-05 18:00:00,Desktop,Organic,2,36,P0033
S00497,C0228,2025-01-21 16:00:00,Mobile,Social,4,117,P0046
S00164,C0166,2025-01-07 19:00:00,Mobile,Organic,2,81,P0027
S00352,C0164,2025-01-15 15:00:00,Mobile,Ads,1,352,P0003
S01432,C0241,2025-03-01 15:00:00,Mobile,Organic,2,37,P0030
S00861,C0028,2025-02-05 20:00:00,Mobile,Organic,1,540,P0008
S00544,C0280,2025-01-23 15:00:00,Mobile,Ads,2,351,P0048
S00118,C0158,2025-01-05 21:00:00,Desktop,Ads,6,49,P0024
S01470,C0048,2025-03-03 05:00:00,Desktop,Social,4,109,P0025
S00565,C0205,2025-01-24 12:00:00,Desktop,Social,1,232,P0042
S01276,C0213,2025-02-23 03:00:00,Mobile,Organic,1,272,P0021
S00026,C0072,2025-01-02 01:00:00,Desktop,Organic,3,339,P0045
S00006,C0241,2025-01-01 05:00:00,Desktop,Organic,5,134,P0037
S01415,C0026,2025-02-28 22:00:00,Desktop,Organic,5,88,P0044
S01301,C0100,2025-02-24 04:00:00,Mobile,Social,1,41,P0015
S01386,C0217,2025-02-27 17:00:00,Mobile,Organic,5,209,P0047
S00402,C0283,2025-01-17 17:00:00,Desktop,Organic,4,39,P0010
S00957,C0155,2025-02-09 20:00:00,Mobile,Organic,2,85,P0049
S00825,C0086,2025-02-04 08:00:00,Desktop,Organic,1,518,P0018
S01308,C0173,2025-02-24 11:00:00,Mobile,Ads,2,115,P0027
S00922,C0090,2025-02-08 09:00:00,Desktop,Organic,2,38,P0036
S00886,C0177,2025-02-06 21:00:00,Mobile,Organic,6,106,P0011
S00414,C0019,2025-01-18 05:00:00,Mobile,Ads,1,196,P0001
S00705,C0260,2025-01-30 08:00:00,Desktop,Social,1,71,P0041
S00389,C0236,2025-01-17 04:00:00,Mobile,Organic,3,76,P0033
S00150,C0258,2025-01-07 05:00:00,Mobile,Organic,1,140,P0028
S00903,C0277,2025-02-07 14:00:00,Desktop,Ads,4,176,P0015
S00244,C0256,2025-01-11 03:00:00,Mobile,Ads,1,216,P0014
S00201,C0096,2025-01-09 08:00:00,Mobile,Ads,4,176,P0041
S00135,C0286,2025-01-06 14:00:00,Desktop,Organic,1,524,P0031
S00845,C0065,2025-02-05 04:00:00,Desktop,Organic,3,287,P0022
S01352,C0230,2025-02-26 07:00:00,Mobile,Ads,1,484,P0037
S00119,C0121,2025-01-05 22:00:00,Desktop,Organic,3,62,P0027
S01190,C0234,2025-02-19 13:00:00,Desktop,Ads,1,284,P0004
S00975,C0277,2025-02-10 14:00:00,Mobile,Ads,2,474,P0041
S01111,C0219,2025-02-16 06:00:00,Mobile,Organic,3,46,P0038
S00659,C0167,2025-01-28 10:00:00,Desktop,Ads,2,60,P0001
S01300,C0229,2025-02-24 03:00:00,Desktop,Organic,2,61,P0032
S00555,C0213,2025-01-24 02:00:00,Desktop,Ads,1,199,P0047
S00250,C0086,2025-01-11 09:00:00,Mobile,Organic,2,46,P0029
S00538,C0090,2025-01-23 09:00:00,Desktop,Ads,4,92,P0038
S00511,C0240,2025-01-22 06:00:00,Mobile,Social,1,266,P0021
S00036,C0100,2025-01-02 11:00:00,Desktop,Ads,2,165,P0007
S00255,C0246,2025-01-11 14:00:00,Mobile,Organic,2,460,P0040
S00051,C0150,2025-01-03 02:00:00,Mobile,Ads,5,123,P0045
S00627,C0059,2025-01-27 02:00:00,Mobile,Organic,2,500,P0017
S00156,C0262,2025-01-07 11:00:00,Desktop,Ads,3,70,P0005
S01399,C0218,2025-02-28 06:00:00,Mobile,Organic,1,142,P0026
S01229,C0030,2025-02-21 04:00:00,Desktop,Ads,2,90,P0004
S00915,C0168,2025-02-08 02:00:00,Mobile,Ads,2,133,P0038
S01317,C0028,2025-02-24 20:00:00,Mobile,Organic,4,78,P0031
S01026,C0030,2025-02-12 17:00:00,Mobile,Social,1,53,P0022
S00862,C0260,2025-02-05 21:00:00,Mobile,Organic,4,98,P0001
S00884,C0291,2025-02-06 19:00:00,Desktop,Ads,1,186,P0002
S01388,C0214,2025-02-27 19:00:00,Mobile,Ads,4,162,P0012
S01072,C0284,2025-02-14 15:00:00,Desktop,Ads,1,173,P0007
S01466,C0169,2025-03-03 01:00:00,Mobile,Ads,2,348,P0003
S01392,C0195,2025-02-27 23:00:00,Mobile,Ads,3,122,P0045
S01165,C0127,2025-02-18 12:00:00,Mobile,Social,1,385,P0012
S00848,C0174,2025-02-05 07:00:00,Desktop,Organic,2,152,P0015
S00658,C0262,2025-01-28 09:00:00,Mobile,Social,2,109,P0042
S00177,C0130,2025-01-08 08:00:00,Desktop,Ads,4,177,P0031
S00921,C0240,2025-02-08 08:00:00,Desktop,Organic,1,252,P0032
S00816,C0227,2025-02-03 23:00:00,Desktop,Organic,2,297,P0015
S01099,C0070,2025-02-15 18:00:00,Desktop,Ads,3,32,P0028
S00417,C0295,2025-01-18 08:00:00,Desktop,Ads,2,94,P0004
S00223,C0149,2025-01-10 06:00:00,Desktop,Ads,1,312,P0017
S00018,C0220,2025-01-01 17:00:00,Mobile,Social,1,360,P0027
S00216,C0130,2025-01-09 23:00:00,Desktop,Ads,1,299,P0029
S00314,C0101,2025-01-14 01:00:00,Desktop,Social,5,112,P0039
S00860,C0132,2025-02-05 19:00:00,Mobile,Ads,1,500,P0028
S00138,C0231,2025-01-06 17:00:00,Mobile,Social,4,39,P0037
S01129,C0022,2025-02-17 00:00:00,Mobile,Ads,1,562,P0048
S00366,C0153,2025-01-16 05:00:00,Desktop,Social,2,143,P0027
S00221,C0083,2025-01-10 04:00:00,Mobile,Organic,2,101,P0020
S01130,C0214,2025-02-17 01:00:00,Mobile,Organic,1,192,P0023
S01039,C0077,2025-02-13 06:00:00,Desktop,Social,1,60,P0016
S00050,C0149,2025-01-03 01:00:00,Mobile,Organic,5,76,P0018
S00348,C0190,2025-01-15 11:00:00,Desktop,Organic,1,152,P0027
S01180,C0173,2025-02-19 03:00:00,Desktop,Organic,1,526,P0045
S00678,C0268,2025-01-29 05:00:00,Desktop,Social,3,315,P0013
S01475,C0089,2025-03-03 10:00:00,Desktop,Social,3,311,P0045
S00535,C0192,2025-01-23 06:00:00,Mobile,Organic,2,110,P0001
S01328,C0054,2025-02-25 07:00:00,Desktop,Organic,1,536,P0050
S01447,C0086,2025-03-02 06:00:00,Mobile,Ads,2,39,P0021
S01049,C0042,2025-02-13 16:00:00,Mobile,Social,3,105,P0037
S00224,C0156,2025-01-10 07:00:00,Desktop,Organic,3,103,P0049
S00217,C0267,2025-01-10 00:00:00,Mobile,Ads,3,250,P0009
S00717,C0133,2025-01-30 20:00:00,Mobile,Ads,1,50,P0003
S00812,C0161,2025-02-03 19:00:00,Mobile,Ads,2,570,P0012
S01495,C0187,2025-03-04 06:00:00,Mobile,Ads,5,178,P0028
S00802,C0063,2025-02-03 09:00:00,Desktop,Social,3,175,P0013
S00701,C0021,2025-01-30 04:00:00,Desktop,Ads,2,116,P0001
S00239,C0178,2025-01-10 22:00:00,Mobile,Social,1,221,P0049
S00204,C0031,2025-01-09 11:00:00,Desktop,Ads,2,463,P0040
S01025,C0245,2025-02-12 16:00:00,Mobile,Organic,1,173,P0043
S01076,C0164,2025-02-14 19:00:00,Desktop,Ads,3,262,P0050
S00081,C0229,2025-01-04 08:00:00,Desktop,Ads,2,181,P0012
S01363,C0187,2025-02-26 18:00:00,Mobile,Organic,5,48,P0036
S00648,C0058,2025-01-27 23:00:00,Mobile,Ads,3,73,P0043
S01197,C0295,2025-02-19 20:00:00,Desktop,Social,2,565,P0038
S00824,C0110,2025-02-04 07:00:00,Desktop,Organic,3,422,P0023
S01287,C0211,2025-02-23 14:00:00,Desktop,Ads,1,221,P0031
S01091,C0046,2025-02-15 10:00:00,Mobile,Ads,2,175,P0040
S01335,C0013,2025-02-25 14:00:00,Mobile,Ads,1,124,P0035
S00593,C0218,2025-01-25 16:00:00,Desktop,Organic,2,286,P0005
S00514,C0047,2025-01-22 09:00:00,Desktop,Organic,3,370,P0038
S00601,C0152,2025-01-26 00:00:00,Desktop,Social,3,261,P0030
S00395,C0235,2025-01-17 10:00:00,Mobile,Social,2,102,P0002
S00341,C0049,2025-01-15 04:00:00,Mobile,Organic,3,267,P0041
S01420,C0049,2025-03-01 03:00:00,Mobile,Organic,2,124,P0031
S00893,C0090,2025-02-07 04:00:00,Mobile,Social,1,224,P0043
S00492,C0030,2025-01-21 11:00:00,Mobile,Ads,2,259,P0038
S01500,C0086,2025-03-04 11:00:00,Desktop,Social,2,98,P0021
S00077,C0167,2025-01-04 04:00:00,Mobile,Organic,5,113,P0005
S00808,C0120,2025-02-03 15:00:00,Mobile,Ads,2,397,P0045
S00273,C0117,2025-01-12 08:00:00,Desktop,Organic,5,187,P0031
S00420,C0128,2025-01-18 11:00:00,Desktop,Organic,4,335,P0009
S01174,C0290,2025-02-18 21:00:00,Mobile,Organic,1,309,P0039
S01497,C0088,2025-03-04 08:00:00,Mobile,Organic,2,285,P0009
S00408,C0171,2025-01-17 23:00:00,Desktop,Social,3,246,P0036
S00231,C0260,2025-01-10 14:00:00,Desktop,Social,3,391,P0003
S00985,C0156,2025-02-11 00:00:00,Mobile,Organic,2,463,P0015
S00623,C0167,2025-01-26 22:00:00,Desktop,Ads,7,270,P0030
S00324,C0277,2025-01-14 11:00:00,Desktop,Ads,4,497,P0019
S00880,C0093,2025-02-06 15:00:00,Mobile,Ads,9,183,P0040
S00295,C0060,2025-01-13 06:00:00,Mobile,Ads,9,495,P0027
S01134,C0126,2025-02-17 05:00:00,Mobile,Ads,4,362,P0031
S00562,C0182,2025-01-24 09:00:00,Desktop,Ads,2,595,P0004
S00469,C0273,2025-01-20 12:00:00,Mobile,Organic,7,78,P0005
S00440,C0090,2025-01-19 07:00:00,Desktop,Organic,3,317,P0035
S00909,C0267,2025-02-07 20:00:00,Desktop,Social,7,193,P0021
S01355,C0272,2025-02-26 10:00:00,Desktop,Ads,3,257,P0026
S01200,C0055,2025-02-19 23:00:00,Mobile,Social,8,84,P0003
S00356,C0181,2025-01-15 19:00:00,Mobile,Ads,5,128,P0035
S00987,C0041,2025-02-11 02:00:00,Mobile,Social,9,596,P0012
S00646,C0270,2025-01-27 21:00:00,Desktop,Ads,6,363,P0024
S01204,C0231,2025-02-20 03:00:00,Mobile,Organic,5,240,P0034
S00388,C0151,2025-01-17 03:00:00,Desktop,Organic,7,356,P0009
S00298,C0097,2025-01-13 09:00:00,Desktop,Organic,9,317,P0006
S01136,C0204,2025-02-17 07:00:00,Mobile,Ads,2,272,P0042
S01100,C0183,2025-02-15 19:00:00,Desktop,Ads,7,139,P0049
S00719,C0189,2025-01-30 22:00:00,Mobile,Organic,3,446,P0046
S00929,C0215,2025-02-08 16:00:00,Mobile,Ads,7,56,P0005
S01217,C0023,2025-02-20 16:00:00,Desktop,Ads,6,156,P0012
S00767,C0227,2025-02-01 22:00:00,Desktop,Ads,2,574,P0025
S00752,C0156,2025-02-01 07:00:00,Desktop,Ads,4,501,P0011
S01163,C0128,2025-02-18 10:00:00,Mobile,Social,8,497,P0016
S00133,C0248,2025-01-06 12:00:00,Desktop,Organic,1,339,P0045
S01487,C0245,2025-03-03 22:00:00,Desktop,Social,4,503,P0011
S00471,C0071,2025-01-20 14:00:00,Mobile,Organic,8,442,P0048
S01195,C0111,2025-02-19 18:00:00,Mobile,Organic,9,219,P0032
S00068,C0241,2025-01-03 19:00:00,Mobile,Social,8,106,P0005
S01065,C0214,2025-02-14 08:00:00,Desktop,Organic,4,411,P0030
S01454,C0006,2025-03-02 13:00:00,Desktop,Organic,8,245,P0044
S00968,C0062,2025-02-10 07:00:00,Desktop,Social,4,505,P0018
S00738,C0041,2025-01-31 17:00:00,Mobile,Organic,7,515,P0002
S01481,C0285,2025-03-03 16:00:00,Desktop,Social,7,599,P0009
S00729,C0286,2025-01-31 08:00:00,Mobile,Social,8,502,P0012
S00713,C0131,2025-01-30 16:00:00,Mobile,Ads,2,255,P0002
S00618,C0057,2025-01-26 17:00:00,Desktop,Ads,3,314,P0002
S01325,C0013,2025-02-25 04:00:00,Desktop,Ads,3,582,P0023
S00682,C0114,2025-01-29 09:00:00,Desktop,Social,8,142,P0003
S01275,C0023,2025-02-23 02:00:00,Mobile,Social,1,495,P0043
S01156,C0037,2025-02-18 03:00:00,Desktop,Social,5,380,P0040
S01155,C0025,2025-02-18 02:00:00,Mobile,Organic,6,425,P0009
S00567,C0044,2025-01-24 14:00:00,Mobile,Social,9,491,P0025
S00094,C0264,2025-01-04 21:00:00,Mobile,Organic,6,88,P0023
S00596,C0117,2025-01-25 19:00:00,Mobile,Social,4,81,P0017
S00400,C0029,2025-01-17 15:00:00,Desktop,Ads,7,237,P0026
S01304,C0137,2025-02-24 07:00:00,Mobile,Ads,7,464,P0045
S01102,C0228,2025-02-15 21:00:00,Mobile,Social,8,399,P0013
S00711,C0283,2025-01-30 14:00:00,Mobile,Ads,4,501,P0019
S00071,C0019,2025-01-03 22:00:00,Mobile,Social,7,569,P0022
S00030,C0154,2025-01-02 05:00:00,Desktop,Social,9,157,P0027
S00063,C0085,2025-01-03 14:00:00,Mobile,Social,6,135,P0023
S00747,C0289,2025-02-01 02:00:00,Mobile,Social,8,450,P0019
S00226,C0263,2025-01-10 09:00:00,Desktop,Organic,3,526,P0048
S00350,C0266,2025-01-15 13:00:00,Mobile,Social,5,359,P0012
S01240,C0075,2025-02-21 15:00:00,Mobile,Ads,3,225,P0001
S01482,C0059,2025-03-03 17:00:00,Mobile,Ads,8,538,P0048
S00810,C0286,2025-02-03 17:00:00,Desktop,Social,6,189,P0030
S00997,C0156,2025-02-11 12:00:00,Desktop,Organic,9,532,P0020
S00995,C0167,2025-02-11 10:00:00,Mobile,Ads,5,589,P0014
S00571,C0084,2025-01-24 18:00:00,Desktop,Organic,9,413,P0045
S01023,C0262,2025-02-12 14:00:00,Desktop,Organic,4,393,P0044
S01047,C0165,2025-02-13 14:00:00,Mobile,Ads,2,595,P0035
S00413,C0118,2025-01-18 04:00:00,Desktop,Ads,7,120,P0028
S00208,C0043,2025-01-09 15:00:00,Mobile,Ads,6,43,P0006
S00447,C0075,2025-01-19 14:00:00,Desktop,Organic,8,286,P0029
S01008,C0294,2025-02-11 23:00:00,Mobile,Ads,8,331,P0003
S00078,C0109,2025-01-04 05:00:00,Desktop,Social,8,172,P0011
S00551,C0031,2025-01-23 22:00:00,Mobile,Organic,6,31,P0050
S01019,C0154,2025-02-12 10:00:00,Desktop,Ads,6,337,P0036
S00269,C0188,2025-01-12 04:00:00,Desktop,Ads,4,551,P0043
S01073,C0005,2025-02-14 16:00:00,Mobile,Organic,7,420,P0044
S00607,C0086,2025-01-26 06:00:00,Desktop,Organic,4,213,P0023
S01428,C0159,2025-03-01 11:00:00,Desktop,Social,6,472,P0048
S00186,C0164,2025-01-08 17:00:00,Desktop,Social,9,40,P0010
S01016,C0075,2025-02-12 07:00:00,Mobile,Social,7,289,P0049
S00143,C0226,2025-01-06 22:00:00,Desktop,Social,6,162,P0038
S01000,C0056,2025-02-11 15:00:00,Mobile,Ads,8,170,P0033
S00112,C0150,2025-01-05 15:00:00,Mobile,Social,9,275,P0015
S00362,C0010,2025-01-16 01:00:00,Desktop,Organic,1,532,P0022
S00333,C0008,2025-01-14 20:00:00,Mobile,Ads,9,105,P0026
S00367,C0124,2025-01-16 06:00:00,Mobile,Ads,5,368,P0029
S00867,C0257,2025-02-06 02:00:00,Desktop,Ads,5,237,P0032
S00390,C0224,2025-01-17 05:00:00,Desktop,Social,6,42,P0032
S00481,C0024,2025-01-21 00:00:00,Desktop,Organic,8,86,P0030
S00507,C0161,2025-01-22 02:00:00,Desktop,Social,9,41,P0033
S00449,C0223,2025-01-19 16:00:00,Desktop,Social,9,67,P0027
S00152,C0180,2025-01-07 07:00:00,Mobile,Social,6,187,P0038
S00647,C0168,2025-01-27 22:00:00,Mobile,Organic,6,171,P0008
S00329,C0028,2025-01-14 16:00:00,Desktop,Ads,2,215,P0018
S00698,C0129,2025-01-30 01:00:00,Desktop,Organic,3,277,P0025
S00781,C0038,2025-02-02 12:00:00,Mobile,Social,7,302,P0029
S01024,C0125,2025-02-12 15:00:00,Desktop,Social,2,510,P0040
S01140,C0035,2025-02-17 11:00:00,Desktop,Ads,4,493,P0013
S00127,C0237,2025-01-06 06:00:00,Mobile,Social,6,301,P0004
S01177,C0072,2025-02-19 00:00:00,Desktop,Ads,2,295,P0032
S00494,C0192,2025-01-21 13:00:00,Mobile,Organic,5,109,P0027
S00041,C0164,2025-01-02 16:00:00,Desktop,Social,6,257,P0030
S00965,C0268,2025-02-10 04:00:00,Desktop,Organic,6,278,P0011
S00524,C0107,2025-01-22 19:00:00,Mobile,Organic,6,515,P0022
S01269,C0179,2025-02-22 20:00:00,Desktop,Social,5,337,P0050
S01436,C0054,2025-03-01 19:00:00,Mobile,Ads,4,501,P0020
S01015,C0067,2025-02-12 06:00:00,Desktop,Ads,6,62,P0037
S00146,C0151,2025-01-07 01:00:00,Desktop,Social,3,405,P0003
S01279,C0101,2025-02-23 06:00:00,Desktop,Social,5,502,P0048
S00756,C0124,2025-02-01 11:00:00,Mobile,Ads,2,410,P0027
S00115,C0287,2025-01-05 18:00:00,Desktop,Ads,7,117,P0001
S00430,C0104,2025-01-18 21:00:00,Desktop,Ads,5,168,P0032
S01283,C0281,2025-02-23 10:00:00,Mobile,Ads,8,551,P0015
S01330,C0053,2025-02-25 09:00:00,Mobile,Social,5,294,P0037
S00890,C0190,2025-02-07 01:00:00,Desktop,Social,7,192,P0027
S01430,C0242,2025-03-01 13:00:00,Mobile,Ads,4,311,P0025
S00206,C0146,2025-01-09 13:00:00,Desktop,Organic,9,318,P0032
S01131,C0171,2025-02-17 02:00:00,Mobile,Social,5,336,P0017
S01331,C0044,2025-02-25 10:00:00,Mobile,Ads,7,321,P0045
S00776,C0134,2025-02-02 07:00:00,Mobile,Ads,4,525,P0017
S01067,C0152,2025-02-14 10:00:00,Desktop,Social,7,279,P0019
S00172,C0007,2025-01-08 03:00:00,Mobile,Organic,5,225,P0021
S00474,C0014,2025-01-20 17:00:00,Desktop,Social,5,174,P0011
S01184,C0083,2025-02-19 07:00:00,Desktop,Organic,3,523,P0006
S00656,C0042,2025-01-28 07:00:00,Desktop,Ads,5,446,P0040
S00012,C0173,2025-01-01 11:00:00,Desktop,Social,4,299,P0024
S00605,C0043,2025-01-26 04:00:00,Mobile,Ads,5,80,P0047
S00428,C0261,2025-01-18 19:00:00,Mobile,Social,9,170,P0046
S00268,C0164,2025-01-12 03:00:00,Mobile,Social,6,295,P0016
S00082,C0164,2025-01-04 09:00:00,Mobile,Social,9,187,P0026
S00992,C0160,2025-02-11 07:00:00,Desktop,Social,5,467,P0017
S00818,C0041,2025-02-04 01:00:00,Mobile,Social,8,62,P0017
S00412,C0191,2025-01-18 03:00:00,Mobile,Organic,6,194,P0045
S00600,C0081,2025-01-25 23:00:00,Desktop,Ads,7,329,P0003
S01227,C0053,2025-02-21 02:00:00,Mobile,Ads,4,298,P0039
S01182,C0045,2025-02-19 05:00:00,Mobile,Social,9,187,P0049
S01332,C0053,2025-02-25 11:00:00,Mobile,Ads,3,493,P0008
S00368,C0114,2025-01-16 07:00:00,Desktop,Organic,7,597,P0047
S01403,C0119,2025-02-28 10:00:00,Mobile,Organic,4,469,P0019
S00453,C0186,2025-01-19 20:00:00,Mobile,Ads,6,446,P0017
S01055,C0139,2025-02-13 22:00:00,Mobile,Ads,7,461,P0015
S01166,C0257,2025-02-18 13:00:00,Desktop,Organic,5,500,P0044
S00284,C0221,2025-01-12 19:00:00,Desktop,Organic,9,476,P0050
S00943,C0041,2025-02-09 06:00:00,Mobile,Social,3,212,P0048
S00728,C0076,2025-01-31 07:00:00,Mobile,Organic,2,550,P0006
S00748,C0212,2025-02-01 03:00:00,Mobile,Social,6,522,P0003
S01255,C0139,2025-02-22 06:00:00,Desktop,Ads,4,270,P0013
S00399,C0258,2025-01-17 14:00:00,Mobile,Organic,5,584,P0019
S00312,C0069,2025-01-13 23:00:00,Mobile,Ads,9,382,P0030
S00730,C0277,2025-01-31 09:00:00,Mobile,Ads,6,287,P0047
S00574,C0196,2025-01-24 21:00:00,Desktop,Social,3,523,P0032
S00108,C0291,2025-01-05 11:00:00,Desktop,Organic,4,587,P0028
S01489,C0008,2025-03-04 00:00:00,Mobile,Social,9,263,P0044
S01103,C0102,2025-02-15 22:00:00,Mobile,Organic,5,397,P0032
S01234,C0264,2025-02-21 09:00:00,Desktop,Organic,7,499,P0049
S00397,C0285,2025-01-17 12:00:00,Mobile,Ads,5,533,P0004
S01196,C0290,2025-02-19 19:00:00,Mobile,Organic,9,513,P0038
S00637,C0068,2025-01-27 12:00:00,Desktop,Ads,9,256,P0042
S00588,C0021,2025-01-25 11:00:00,Desktop,Ads,3,212,P0045
S00260,C0065,2025-01-11 19:00:00,Desktop,Social,3,404,P0016
S01419,C0068,2025-03-01 02:00:00,Desktop,Social,1,502,P0023
S00100,C0058,2025-01-05 03:00:00,Mobile,Ads,9,318,P0029
S01277,C0235,2025-02-23 04:00:00,Mobile,Ads,8,519,P0030
S00184,C0253,2025-01-08 15:00:00,Desktop,Ads,6,297,P0011
S00385,C0126,2025-01-17 00:00:00,Desktop,Organic,6,232,P0015
S01164,C0201,2025-02-18 11:00:00,Mobile,Organic,4,171,P0009
S01084,C0140,2025-02-15 03:00:00,Desktop,Organic,8,261,P0003
S00327,C0139,2025-01-14 14:00:00,Desktop,Organic,6,102,P0029
S00187,C0095,2025-01-08 18:00:00,Mobile,Ads,7,349,P0022
S00910,C0147,2025-02-07 21:00:00,Desktop,Social,7,510,P0011
S00410,C0184,2025-01-18 01:00:00,Mobile,Ads,3,565,P0030
S01409,C0278,2025-02-28 16:00:00,Mobile,Organic,2,589,P0016
S00185,C0289,2025-01-08 16:00:00,Desktop,Social,4,434,P0032
S01390,C0132,2025-02-27 21:00:00,Mobile,Social,4,282,P0024
S01359,C0186,2025-02-26 14:00:00,Mobile,Organic,5,456,P0013
S00911,C0127,2025-02-07 22:00:00,Mobile,Organic,7,113,P0030
S00508,C0198,2025-01-22 03:00:00,Mobile,Ads,9,444,P0037
S00951,C0118,2025-02-09 14:00:00,Desktop,Organic,4,498,P0005
S00365,C0183,2025-01-16 04:00:00,Mobile,Ads,2,579,P0039
S01239,C0127,2025-02-21 14:00:00,Mobile,Social,6,464,P0033
S00542,C0295,2025-01-23 13:00:00,Desktop,Organic,9,456,P0038
S01231,C0260,2025-02-21 06:00:00,Desktop,Social,8,293,P0045
S00735,C0163,2025-01-31 14:00:00,Desktop,Ads,9,355,P0049
S00907,C0039,2025-02-07 18:00:00,Mobile,Social,1,394,P0035
S00773,C0210,2025-02-02 04:00:00,Mobile,Organic,6,88,P0045
S01090,C0020,2025-02-15 09:00:00,Mobile,Social,9,231,P0023
S00734,C0190,2025-01-31 13:00:00,Mobile,Organic,2,519,P0028
S00247,C0092,2025-01-11 06:00:00,Mobile,Social,2,440,P0034
S00283,C0233,2025-01-12 18:00:00,Desktop,Ads,3,121,P0003
S00236,C0221,2025-01-10 19:00:00,Mobile,Social,7,375,P0032
S01142,C0286,2025-02-17 13:00:00,Mobile,Organic,5,67,P0048
S01456,C0008,2025-03-02 15:00:00,Mobile,Organic,2,509,P0023
S00852,C0026,2025-02-05 11:00:00,Mobile,Organic,3,494,P0023
S00933,C0161,2025-02-08 20:00:00,Desktop,Organic,5,335,P0025
S00102,C0130,2025-01-05 05:00:00,Desktop,Social,3,556,P0041
S01120,C0225,2025-02-16 15:00:00,Mobile,Ads,5,130,P0032
S00285,C0042,2025-01-12 20:00:00,Desktop,Social,9,138,P0016
S01232,C0205,2025-02-21 07:00:00,Desktop,Social,8,124,P0042
S01394,C0098,2025-02-28 01:00:00,Desktop,Social,6,167,P0034
S01433,C0005,2025-03-01 16:00:00,Desktop,Social,5,592,P0003
S00988,C0063,2025-02-11 03:00:00,Mobile,Social,4,528,P0022
S00056,C0138,2025-01-03 07:00:00,Mobile,Social,5,234,P0004
S00040,C0146,2025-01-02 15:00:00,Mobile,Social,2,494,P0020
S01141,C0184,2025-02-17 12:00:00,Desktop,Social,5,264,P0025
S00182,C0025,2025-01-08 13:00:00,Mobile,Social,8,258,P0009
S00074,C0102,2025-01-04 01:00:00,Desktop,Social,8,599,P0041
S01172,C0023,2025-02-18 19:00:00,Mobile,Organic,9,474,P0018
S00435,C0066,2025-01-19 02:00:00,Desktop,Organic,7,234,P0017
S00696,C0012,2025-01-29 23:00:00,Mobile,Social,9,557,P0026
S00822,C0002,2025-02-04 05:00:00,Mobile,Ads,6,469,P0012
S00692,C0246,2025-01-29 19:00:00,Mobile,Social,5,503,P0015
S00483,C0158,2025-01-21 02:00:00,Desktop,Ads,7,207,P0010
S00892,C0043,2025-02-07 03:00:00,Mobile,Organic,8,261,P0012
S00004,C0159,2025-01-01 03:00:00,Mobile,Organic,7,185,P0010
S00714,C0196,2025-01-30 17:00:00,Desktop,Ads,7,510,P0041
S00718,C0227,2025-01-30 21:00:00,Desktop,Ads,6,232,P0011
S00575,C0178,2025-01-24 22:00:00,Desktop,Organic,5,76,P0005
S01453,C0003,2025-03-02 12:00:00,Desktop,Social,5,445,P0048
S00967,C0213,2025-02-10 06:00:00,Desktop,Ads,9,284,P0027
S01401,C0090,2025-02-28 08:00:00,Desktop,Social,5,483,P0040
S01224,C0160,2025-02-20 23:00:00,Mobile,Ads,7,497,P0031
S00394,C0150,2025-01-17 09:00:00,Desktop,Organic,8,250,P0036
S01208,C0158,2025-02-20 07:00:00,Desktop,Ads,2,151,P0038
S00998,C0007,2025-02-11 13:00:00,Desktop,Social,6,496,P0050
S00080,C0232,2025-01-04 07:00:00,Desktop,Social,8,574,P0035
S00433,C0231,2025-01-19 00:00:00,Mobile,Ads,6,414,P0048
S00640,C0232,2025-01-27 15:00:00,Desktop,Ads,2,570,P0014
S00478,C0186,2025-01-20 21:00:00,Desktop,Social,3,473,P0011
S00086,C0196,2025-01-04 13:00:00,Mobile,Ads,4,253,P0047
S00522,C0050,2025-01-22 17:00:00,Desktop,Social,7,522,P0018
S00820,C0068,2025-02-04 03:00:00,Desktop,Organic,6,243,P0002
S00547,C0182,2025-01-23 18:00:00,Desktop,Organic,2,488,P0049
S00132,C0005,2025-01-06 11:00:00,Mobile,Organic,4,131,P0023
S00222,C0099,2025-01-10 05:00:00,Mobile,Organic,4,447,P0003
S00759,C0128,2025-02-01 14:00:00,Desktop,Ads,9,373,P0002
S00983,C0288,2025-02-10 22:00:00,Mobile,Organic,9,598,P0004
S00948,C0266,2025-02-09 11:00:00,Desktop,Organic,6,485,P0046
S00737,C0034,2025-01-31 16:00:00,Desktop,Ads,7,118,P0018
S00473,C0221,2025-01-20 16:00:00,Desktop,Social,7,31,P0040
S00583,C0143,2025-01-25 06:00:00,Mobile,Ads,2,595,P0033
S00937,C0239,2025-02-09 00:00:00,Desktop,Organic,9,325,P0043
S00870,C0262,2025-02-06 05:00:00,Mobile,Social,6,322,P0005
S00328,C0211,2025-01-14 15:00:00,Mobile,Ads,5,338,P0024
S00617,C0112,2025-01-26 16:00:00,Desktop,Social,6,496,P0021
S00940,C0225,2025-02-09 03:00:00,Desktop,Organic,7,581,P0043
S00572,C0250,2025-01-24 19:00:00,Desktop,Social,1,420,P0046
S00846,C0008,2025-02-05 05:00:00,Mobile,Social,7,509,P0010
S00661,C0089,2025-01-28 12:00:00,Desktop,Social,4,587,P0050
S00090,C0005,2025-01-04 17:00:00,Mobile,Ads,7,297,P0005
S00769,C0142,2025-02-02 00:00:00,Mobile,Social,4,221,P0008
S00091,C0027,2025-01-04 18:00:00,Mobile,Organic,7,45,P0021
S00939,C0113,2025-02-09 02:00:00,Desktop,Organic,3,479,P0010
S00780,C0046,2025-02-02 11:00:00,Desktop,Ads,7,486,P0044
S00014,C0141,2025-01-01 13:00:00,Mobile,Organic,8,425,P0040
S00533,C0049,2025-01-23 04:00:00,Desktop,Organic,8,176,P0028
S00768,C0117,2025-02-01 23:00:00,Mobile,Ads,6,39,P0036
S00062,C0263,2025-01-03 13:00:00,Desktop,Organic,2,439,P0020
S00443,C0209,2025-01-19 10:00:00,Mobile,Social,7,589,P0028
S00898,C0233,2025-02-07 09:00:00,Desktop,Ads,3,526,P0003
S01309,C0237,2025-02-24 12:00:00,Desktop,Ads,1,505,P0012
S01387,C0045,2025-02-27 18:00:00,Desktop,Organic,8,371,P0016
S01096,C0154,2025-02-15 15:00:00,Desktop,Organic,5,520,P0030
S01223,C0148,2025-02-20 22:00:00,Desktop,Ads,2,573,P0041
S00577,C0070,2025-01-25 00:00:00,Mobile,Social,8,493,P0046
S00480,C0254,2025-01-20 23:00:00,Desktop,Organic,2,584,P0018
S01393,C0157,2025-02-28 00:00:00,Desktop,Social,8,440,P0025
S01347,C0024,2025-02-26 02:00:00,Mobile,Organic,4,103,P0019
S00392,C0256,2025-01-17 07:00:00,Mobile,Social,7,394,P0006
S00321,C0017,2025-01-14 08:00:00,Mobile,Organic,2,411,P0023
S00439,C0234,2025-01-19 06:00:00,Desktop,Ads,1,471,P0050
S00003,C0039,2025-01-01 02:00:00,Desktop,Organic,5,407,P0037
S00008,C0036,2025-01-01 07:00:00,Desktop,Organic,9,468,P0028
S01198,C0215,2025-02-19 21:00:00,Mobile,Social,6,452,P0028
S00372,C0288,2025-01-16 11:00:00,Desktop,Organic,6,368,P0041
S00513,C0198,2025-01-22 08:00:00,Mobile,Social,5,587,P0043
S00292,C0120,2025-01-13 03:00:00,Mobile,Organic,3,557,P0012
S01284,C0094,2025-02-23 11:00:00,Desktop,Ads,6,41,P0009
S00621,C0144,2025-01-26 20:00:00,Desktop,Ads,7,218,P0044
S00856,C0038,2025-02-05 15:00:00,Desktop,Social,6,154,P0037
S01423,C0102,2025-03-01 06:00:00,Mobile,Ads,9,251,P0012
S00391,C0203,2025-01-17 06:00:00,Mobile,Organic,3,409,P0048
S00926,C0153,2025-02-08 13:00:00,Desktop,Organic,4,345,P0035
S00489,C0152,2025-01-21 08:00:00,Mobile,Ads,8,168,P0046
S01006,C0202,2025-02-11 21:00:00,Desktop,Organic,2,548,P0030
S00598,C0086,2025-01-25 21:00:00,Mobile,Organic,5,200,P0023
S01245,C0154,2025-02-21 20:00:00,Desktop,Organic,2,250,P0008
S01441,C0061,2025-03-02 00:00:00,Desktop,Organic,6,423,P0038
S00345,C0169,2025-01-15 08:00:00,Desktop,Social,2,385,P0020
S00032,C0068,2025-01-02 07:00:00,Mobile,Social,4,443,P0001
S01384,C0264,2025-02-27 15:00:00,Mobile,Organic,4,546,P0027
S00066,C0125,2025-01-03 17:00:00,Mobile,Social,9,304,P0041
S00142,C0038,2025-01-06 21:00:00,Mobile,Organic,8,598,P0039
S00076,C0288,2025-01-04 03:00:00,Desktop,Ads,6,397,P0004
S01389,C0059,2025-02-27 20:00:00,Desktop,Social,5,472,P0031
S00289,C0105,2025-01-13 00:00:00,Mobile,Social,9,471,P0008
S00162,C0049,2025-01-07 17:00:00,Desktop,Organic,7,38,P0025
S00724,C0213,2025-01-31 03:00:00,Desktop,Social,5,196,P0002
S01059,C0111,2025-02-14 02:00:00,Desktop,Organic,7,195,P0020
S00564,C0217,2025-01-24 11:00:00,Desktop,Organic,5,271,P0027
S00096,C0200,2025-01-04 23:00:00,Desktop,Social,5,92,P0020
S00889,C0049,2025-02-07 00:00:00,Mobile,Ads,5,484,P0048
S00704,C0162,2025-01-30 07:00:00,Mobile,Organic,3,529,P0016
S00863,C0076,2025-02-05 22:00:00,Mobile,Ads,6,110,P0037
S00602,C0061,2025-01-26 01:00:00,Mobile,Organic,8,97,P0022
S01343,C0102,2025-02-25 22:00:00,Mobile,Ads,8,291,P0039
S00918,C0072,2025-02-08 05:00:00,Desktop,Social,4,368,P0024
S00459,C0227,2025-01-20 02:00:00,Desktop,Social,9,77,P0045
S00528,C0198,2025-01-22 23:00:00,Desktop,Ads,5,144,P0022
S01088,C0005,2025-02-15 07:00:00,Mobile,Ads,2,457,P0040
S00912,C0046,2025-02-07 23:00:00,Mobile,Ads,8,106,P0048
S00979,C0073,2025-02-10 18:00:00,Mobile,Social,2,556,P0022
S00579,C0160,2025-01-25 02:00:00,Desktop,Ads,7,503,P0049
S00807,C0275,2025-02-03 14:00:00,Desktop,Ads,2,466,P0040
S00461,C0293,2025-01-20 04:00:00,Desktop,Organic,5,462,P0039
S00888,C0189,2025-02-06 23:00:00,Desktop,Ads,7,160,P0038
S00083,C0073,2025-01-04 10:00:00,Mobile,Organic,9,475,P0019
S01210,C0021,2025-02-20 09:00:00,Desktop,Social,9,410,P0008
S00121,C0012,2025-01-06 00:00:00,Desktop,Social,6,102,P0036
S01193,C0013,2025-02-19 16:00:00,Desktop,Ads,7,124,P0025
S00431,C0224,2025-01-18 22:00:00,Desktop,Ads,8,488,P0032
S01098,C0236,2025-02-15 17:00:00,Desktop,Ads,5,325,P0039
S00377,C0222,2025-01-16 16:00:00,Mobile,Social,6,501,P0035
S01320,C0065,2025-02-24 23:00:00,Desktop,Social,6,369,P0032
S00854,C0232,2025-02-05 13:00:00,Mobile,Social,6,402,P0024
S01001,C0193,2025-02-11 16:00:00,Desktop,Social,4,167,P0043
S00245,C0007,2025-01-11 04:00:00,Desktop,Ads,4,44,P0033
S00905,C0183,2025-02-07 16:00:00,Desktop,Ads,6,321,P0013
S00636,C0154,2025-01-27 11:00:00,Mobile,Ads,6,151,P0009
S00147,C0114,2025-01-07 02:00:00,Desktop,Ads,8,378,P0022
S01282,C0273,2025-02-23 09:00:00,Desktop,Organic,8,111,P0019
S01302,C0031,2025-02-24 05:00:00,Desktop,Ads,8,348,P0012
S00762,C0004,2025-02-01 17:00:00,Mobile,Ads,7,195,P0028
S00708,C0059,2025-01-30 11:00:00,Mobile,Organic,6,247,P0007
S01452,C0222,2025-03-02 11:00:00,Mobile,Organic,2,493,P0043
S01189,C0162,2025-02-19 12:00:00,Desktop,Social,8,579,P0031
S00351,C0149,2025-01-15 14:00:00,Mobile,Ads,3,438,P0007
S01450,C0202,2025-03-02 09:00:00,Desktop,Ads,5,335,P0006
S00771,C0252,2025-02-02 02:00:00,Mobile,Social,9,504,P0037
S00793,C0215,2025-02-03 00:00:00,Desktop,Organic,3,474,P0021
S00766,C0021,2025-02-01 21:00:00,Mobile,Organic,5,213,P0048
S01218,C0032,2025-02-20 17:00:00,Mobile,Organic,6,226,P0049
S00183,C0281,2025-01-08 14:00:00,Desktop,Social,3,566,P0017
S01211,C0053,2025-02-20 10:00:00,Mobile,Organic,8,590,P0006
S01369,C0224,2025-02-27 00:00:00,Mobile,Organic,8,303,P0028
S01247,C0096,2025-02-21 22:00:00,Desktop,Organic,7,183,P0027
S00806,C0121,2025-02-03 13:00:00,Mobile,Ads,9,454,P0040
S00936,C0147,2025-02-08 23:00:00,Mobile,Ads,5,286,P0019
S01093,C0070,2025-02-15 12:00:00,Mobile,Organic,4,164,P0046
S00039,C0202,2025-01-02 14:00:00,Desktop,Organic,2,265,P0020
S00978,C0099,2025-02-10 17:00:00,Desktop,Organic,3,367,P0010
S00215,C0266,2025-01-09 22:00:00,Desktop,Organic,5,493,P0041
